/*유저*/
insert into tbl_user values('deayeon', '1234', '대연킴', 'G1', '01027809071', 'raccoon200@naver.com', '930322', null, '투톱팀원', '팀장', default, sysdate);
insert into tbl_user values('test1', '1234', 'test', 'G1', '01027809071', 'raccoon200@naver.com', '930322', null, 'test1', '팀장', default, sysdate);
insert into tbl_user values('test2', '1234', 'test', 'G1', '01027809071', 'raccoon200@naver.com', '930322', null, 'test2', '팀장', default, sysdate);
insert into tbl_user values('test3', '1234', 'test', 'G1', '01027809071', 'raccoon200@naver.com', '930322', null, 'test3', '팀장', default, sysdate);
insert into tbl_user values('test4', '1234', 'test', 'G1', '01027809071', 'raccoon200@naver.com', '930322', null, 'test4', '팀장', default, sysdate);
insert into tbl_user values('test5', '1234', 'test', 'G1', '01027809071', 'raccoon200@naver.com', '930322', null, 'test5', '팀장', default, sysdate);
insert into tbl_user values('test6', '1234', 'test', 'G1', '01027809071', 'raccoon200@naver.com', '930322', null, 'test6', '팀장', default, sysdate);
insert into tbl_user values('test7', '1234', 'test7', 'G2', '01027809071', 'raccoon200@naver.com', '930322', null, 'test7', '팀원', default, sysdate);
insert into tbl_user values('test8', '1234', 'test7', 'G2', '01027809071', 'raccoon200@naver.com', '930322', null, 'test7', '팀원', default, sysdate);
insert into tbl_user values('test9', '1234', 'test7', 'G2', '01027809071', 'raccoon200@naver.com', '930322', null, 'test7', '팀원', default, sysdate);
insert into tbl_user values('test10', '1234', 'test7', 'G2', '01027809071', 'raccoon200@naver.com', '930322', null, 'test7', '팀원', default, sysdate);
insert into tbl_user values('test11', '1234', 'test7', 'G2', '01027809071', 'raccoon200@naver.com', '930322', null, 'test7', '팀원', default, sysdate);
insert into tbl_user values('test12', '1234', 'test7', 'G2', '01027809071', 'raccoon200@naver.com', '930322', null, 'test7', '팀원', default, sysdate);
insert into tbl_user values('test13', '1234', 'test7', 'G2', '01027809071', 'raccoon200@naver.com', '930322', null, 'test7', '팀원', default, sysdate);
insert into tbl_user values('test14', '1234', 'test7', 'G3', '01027809071', 'raccoon200@naver.com', '930322', null, 'test7', '팀원', default, sysdate);
insert into tbl_user values('test15', '1234', 'test7', 'G4', '01027809071', 'raccoon200@naver.com', '930322', null, 'test7', '팀원', default, sysdate);
insert into tbl_user values('test16', '1234', 'test7', 'G4', '01027809071', 'raccoon200@naver.com', '930322', null, 'test7', '선수', default, sysdate);
insert into tbl_user values('test17', '1234', 'test7', 'G4', '01027809071', 'raccoon200@naver.com', '930322', null, 'test7', '선수', default, sysdate);
insert into tbl_user values('test18', '1234', 'test7', 'G4', '01027809071', 'raccoon200@naver.com', '930322', null, 'test7', '선수', default, sysdate);
insert into tbl_user values('test19', '1234', 'test7', 'G2', '01027809071', 'raccoon200@naver.com', '930322', null, 'test7', '팀장', default, sysdate);
insert into tbl_user values('test20', '1234', 'test7', 'G2', '01027809071', 'raccoon200@naver.com', '930322', null, 'test7', '팀장', default, sysdate);
insert into tbl_user values('test21', '1234', 'test7', 'G2', '01027809071', 'raccoon200@naver.com', '930322', null, 'test7', '팀장', default, sysdate);
insert into tbl_user values('test22', '1234', 'test7', 'G2', '01027809071', 'raccoon200@naver.com', '930322', null, 'test7', '팀장', default, sysdate);
insert into tbl_user values('test23', '1234', 'test7', 'G2', '01027809071', 'raccoon200@naver.com', '930322', null, 'test7', '팀장', default, sysdate);
insert into tbl_user values('test24', '1234', 'test7', 'G2', '01027809071', 'raccoon200@naver.com', '930322', null, 'test7', '팀장', default, sysdate);
insert into tbl_user values('test25', '1234', 'test7', 'G2', '01027809071', 'raccoon200@naver.com', '930322', null, 'test7', '팀장', default, sysdate);
insert into tbl_user values('test26', '1234', 'test7', 'G2', '01027809071', 'raccoon200@naver.com', '930322', null, 'test7', '팀장', default, sysdate);
insert into tbl_user values('test27', '1234', 'test7', 'G2', '01027809071', 'raccoon200@naver.com', '930322', null, 'test7', '팀장', default, sysdate);
insert into tbl_user values('test28', '1234', 'test7', 'G2', '01027809071', 'raccoon200@naver.com', '930322', null, 'test7', '팀장', default, sysdate);
insert into tbl_user values('test29', '1234', 'test7', 'G2', '01027809071', 'raccoon200@naver.com', '930322', null, 'test7', '팀장', default, sysdate);
insert into tbl_user values('test30', '1234', 'test7', 'G2', '01027809071', 'raccoon200@naver.com', '930322', null, 'test7', '팀장', default, sysdate);
insert into tbl_user values('test31', '1234', 'test7', 'G2', '01027809071', 'raccoon200@naver.com', '930322', null, 'test7', '팀장', default, sysdate);
insert into tbl_user values('test32', '1234', 'test7', 'G2', '01027809071', 'raccoon200@naver.com', '930322', null, 'test7', '팀장', default, sysdate);
insert into tbl_user values('test33', '1234', 'test7', 'G2', '01027809071', 'raccoon200@naver.com', '930322', null, 'test7', '팀장', default, sysdate);
insert into tbl_user values('test34', '1234', 'test7', 'G2', '01027809071', 'raccoon200@naver.com', '930322', null, 'test7', '팀장', default, sysdate);
insert into tbl_user values('test35', '1234', 'test7', 'G2', '01027809071', 'raccoon200@naver.com', '930322', null, 'test7', '팀장', default, sysdate);
insert into tbl_user values('test36', '1234', 'test7', 'G2', '01027809071', 'raccoon200@naver.com', '930322', null, 'test7', '팀장', default, sysdate);
insert into tbl_user values('test37', '1234', 'test7', 'G2', '01027809071', 'raccoon200@naver.com', '930322', null, 'test7', '팀장', default, sysdate);
insert into tbl_user values('test38', '1234', 'test7', 'G2', '01027809071', 'raccoon200@naver.com', '930322', null, 'test7', '팀장', default, sysdate);
insert into tbl_user values('test39', '1234', 'test7', 'G2', '01027809071', 'raccoon200@naver.com', '930322', null, 'test7', '팀장', default, sysdate);
insert into tbl_user values('test40', '1234', 'test7', 'G2', '01027809071', 'raccoon200@naver.com', '930322', null, 'test7', '팀장', default, sysdate);
insert into tbl_user values('test41', '1234', 'test7', 'G2', '01027809071', 'raccoon200@naver.com', '930322', null, 'test7', '팀장', default, sysdate);
insert into tbl_user values('test42', '1234', 'test7', 'G2', '01027809071', 'raccoon200@naver.com', '930322', null, 'test7', '팀장', default, sysdate);



/*팀*/
insert into team values('투톱체제','G1','deayeon',null,'연경이가 부팀장이에요!','2018/05/01','Y');
insert into team values('testTeam1','G1','test1',null,'testTeam1이에요!!!!!',sysdate,'Y');
insert into team values('testTeam2','G1','test2',null,'testTeam1이에요!!!!!',sysdate,'Y');
insert into team values('testTeam3','G1','test3',null,'testTeam1이에요!!!!!',sysdate,'Y');
insert into team values('testTeam4','G2','test4',null,'testTeam1이에요!!!!!',sysdate,'Y');
insert into team values('testTeam5','G2','test5',null,'testTeam1이에요!!!!!',sysdate,'Y');
insert into team values('testTeam6','G2','test6',null,'testTeam1이에요!!!!!',sysdate,'Y');
insert into team values('testTeam7','G1','test19',null,'testTeam1이에요!!!!!',sysdate,'Y');
insert into team values('testTeam8','G1','test20',null,'testTeam1이에요!!!!!',sysdate,'Y');
insert into team values('testTeam9','G1','test21',null,'testTeam1이에요!!!!!',sysdate,'Y');
insert into team values('testTeam10','G2','test22',null,'testTeam1이에요!!!!!',sysdate,'Y');
insert into team values('testTeam11','G2','test23',null,'testTeam1이에요!!!!!',sysdate,'Y');
insert into team values('testTeam12','G2','test24',null,'testTeam1이에요!!!!!',sysdate,'Y');
insert into team values('testTeam13','G1','test25',null,'testTeam1이에요!!!!!',sysdate,'Y');
insert into team values('testTeam14','G1','test26',null,'testTeam1이에요!!!!!',sysdate,'Y');
insert into team values('testTeam15','G1','test27',null,'testTeam1이에요!!!!!',sysdate,'Y');
insert into team values('testTeam16','G2','test28',null,'testTeam1이에요!!!!!',sysdate,'Y');
insert into team values('testTeam17','G2','test29',null,'testTeam1이에요!!!!!',sysdate,'Y');
insert into team values('testTeam18','G2','test30',null,'testTeam1이에요!!!!!',sysdate,'Y');
insert into team values('testTeam19','G1','test31',null,'testTeam1이에요!!!!!',sysdate,'Y');
insert into team values('testTeam20','G1','test32',null,'testTeam1이에요!!!!!',sysdate,'Y');
insert into team values('testTeam21','G1','test33',null,'testTeam1이에요!!!!!',sysdate,'Y');
insert into team values('testTeam22','G3','test34',null,'testTeam1이에요!!!!!',sysdate,'Y');
insert into team values('testTeam23','G3','test35',null,'testTeam1이에요!!!!!',sysdate,'Y');
insert into team values('testTeam24','G3','test36',null,'testTeam1이에요!!!!!',sysdate,'Y');
insert into team values('testTeam25','G1','test37',null,'testTeam1이에요!!!!!',sysdate,'Y');
insert into team values('testTeam26','G1','test38',null,'testTeam1이에요!!!!!',sysdate,'Y');
insert into team values('testTeam27','G4','test39',null,'testTeam1이에요!!!!!',sysdate,'Y');
insert into team values('testTeam28','G4','test40',null,'testTeam1이에요!!!!!',sysdate,'Y');
insert into team values('testTeam29','G4','test41',null,'testTeam1이에요!!!!!',sysdate,'Y');
insert into team values('testTeam30','G4','test42',null,'testTeam1이에요!!!!!',sysdate,'Y');


/*팀맴버*/
insert into team_member values('deayeon','투톱체제',sysdate,'팀장');
insert into team_member values('test1','testTeam1',sysdate,'팀장');
insert into team_member values('test2','testTeam2',sysdate,'팀장');
insert into team_member values('test3','testTeam3',sysdate,'팀장');
insert into team_member values('test4','testTeam4',sysdate,'팀장');
insert into team_member values('test5','testTeam5',sysdate,'팀장');
insert into team_member values('test6','testTeam6',sysdate,'팀장');
insert into team_member values('test7','testTeam6',sysdate,'팀원');
insert into team_member values('test8','testTeam6',sysdate,'팀원');
insert into team_member values('test9','testTeam6',sysdate,'팀원');
insert into team_member values('test10','testTeam6',sysdate,'팀원');
insert into team_member values('test11','testTeam6',sysdate,'팀원');
insert into team_member values('test12','testTeam6',sysdate,'팀원');
insert into team_member values('test13','testTeam1',sysdate,'팀원');
insert into team_member values('test14','testTeam1',sysdate,'팀원');
insert into team_member values('test15','testTeam1',sysdate,'팀원');
insert into team_member values('test16','testTeam4',sysdate,'팀원');
insert into team_member values('test17','testTeam5',sysdate,'팀원');
insert into team_member values('test18','testTeam6',sysdate,'팀원');
insert into team_member values('test19','testTeam7',sysdate,'팀장');
insert into team_member values('test20','testTeam8',sysdate,'팀장');
insert into team_member values('test21','testTeam9',sysdate,'팀장');
insert into team_member values('test22','testTeam10',sysdate,'팀장');
insert into team_member values('test23','testTeam11',sysdate,'팀장');
insert into team_member values('test24','testTeam12',sysdate,'팀장');
insert into team_member values('test25','testTeam13',sysdate,'팀장');
insert into team_member values('test26','testTeam14',sysdate,'팀장');
insert into team_member values('test27','testTeam15',sysdate,'팀장');
insert into team_member values('test28','testTeam16',sysdate,'팀장');
insert into team_member values('test29','testTeam17',sysdate,'팀장');
insert into team_member values('test30','testTeam18',sysdate,'팀장');
insert into team_member values('test31','testTeam19',sysdate,'팀장');
insert into team_member values('test32','testTeam20',sysdate,'팀장');
insert into team_member values('test33','testTeam21',sysdate,'팀장');
insert into team_member values('test34','testTeam22',sysdate,'팀장');
insert into team_member values('test35','testTeam23',sysdate,'팀장');
insert into team_member values('test36','testTeam24',sysdate,'팀장');
insert into team_member values('test37','testTeam25',sysdate,'팀장');
insert into team_member values('test38','testTeam26',sysdate,'팀장');
insert into team_member values('test39','testTeam27',sysdate,'팀장');
insert into team_member values('test40','testTeam28',sysdate,'팀장');
insert into team_member values('test41','testTeam29',sysdate,'팀장');
insert into team_member values('test42','testTeam30',sysdate,'팀장');

/*팀업데이트*/
update tbl_user set teamname='투톱체제';
update tbl_user set teamname='testTeam1' where userid='test1';
update tbl_user set teamname='testTeam2' where userid='test2';
update tbl_user set teamname='testTeam3' where userid='test3';
update tbl_user set teamname='testTeam4' where userid='test4';
update tbl_user set teamname='testTeam5' where userid='test5';
update tbl_user set teamname='testTeam6' where userid='test6';
update tbl_user set teamname='testTeam6' where userid='test7';
update tbl_user set teamname='testTeam6' where userid='test8';
update tbl_user set teamname='testTeam6' where userid='test9';
update tbl_user set teamname='testTeam6' where userid='test10';
update tbl_user set teamname='testTeam6' where userid='test11';
update tbl_user set teamname='testTeam6' where userid='test12';
update tbl_user set teamname='testTeam1' where userid='test13';
update tbl_user set teamname='testTeam1' where userid='test14';
update tbl_user set teamname='testTeam1' where userid='test15';
update tbl_user set teamname='testTeam4' where userid='test16';
update tbl_user set teamname='testTeam5' where userid='test17';
update tbl_user set teamname='testTeam6' where userid='test18';
update tbl_user set teamname='testTeam7' where userid='test19';
update tbl_user set teamname='testTeam8' where userid='test20';
update tbl_user set teamname='testTeam9' where userid='test21';
update tbl_user set teamname='testTeam10' where userid='test22';
update tbl_user set teamname='testTeam11' where userid='test23';
update tbl_user set teamname='testTeam12' where userid='test24';
update tbl_user set teamname='testTeam13' where userid='test25';
update tbl_user set teamname='testTeam14' where userid='test26';
update tbl_user set teamname='testTeam15' where userid='test27';
update tbl_user set teamname='testTeam16' where userid='test28';
update tbl_user set teamname='testTeam17' where userid='test29';
update tbl_user set teamname='testTeam18' where userid='test30';
update tbl_user set teamname='testTeam19' where userid='test31';
update tbl_user set teamname='testTeam20' where userid='test32';
update tbl_user set teamname='testTeam21' where userid='test33';
update tbl_user set teamname='testTeam22' where userid='test34';
update tbl_user set teamname='testTeam23' where userid='test35';
update tbl_user set teamname='testTeam24' where userid='test36';
update tbl_user set teamname='testTeam25' where userid='test37';
update tbl_user set teamname='testTeam26' where userid='test38';
update tbl_user set teamname='testTeam27' where userid='test39';
update tbl_user set teamname='testTeam28' where userid='test40';
update tbl_user set teamname='testTeam29' where userid='test41';
update tbl_user set teamname='testTeam30' where userid='test42';

/*게임활동내역*/
insert into activity values(seq_activity_no.nextval,'testTeam1','testTeam2','잠실 종합 운동장','2018/05/09','60:55');
insert into activity values(seq_activity_no.nextval,'testTeam2','testTeam1','영일고등학교 체육관','2018/05/09','60:61');
insert into activity values(seq_activity_no.nextval,'testTeam6','testTeam2','잠실 종합 운동장','2018/05/10','20:31');
insert into activity values(seq_activity_no.nextval,'testTeam1','testTeam2','잠실 종합 운동장','2018/05/11','55:32');
insert into activity values(seq_activity_no.nextval,'testTeam6','testTeam1','일산 고양체육관','2018/05/12','30:66');


commit;





