--------------------------------------------------------
--  파일이 생성됨 - 월요일-5월-21-2018   
--------------------------------------------------------
--------------------------------------------------------
--  DDL for Sequence SEQ_ACTIVITY_NO
--------------------------------------------------------

   CREATE SEQUENCE  "DLEAGUE"."SEQ_ACTIVITY_NO"  MINVALUE 1 MAXVALUE 9999999999999999999999999999 INCREMENT BY 1 START WITH 3 NOCACHE  NOORDER  NOCYCLE ;
--------------------------------------------------------
--  DDL for Sequence SEQ_BOARD_FREE_COMMENT_NO
--------------------------------------------------------

   CREATE SEQUENCE  "DLEAGUE"."SEQ_BOARD_FREE_COMMENT_NO"  MINVALUE 1 MAXVALUE 9999999999999999999999999999 INCREMENT BY 1 START WITH 30 NOCACHE  NOORDER  NOCYCLE ;
--------------------------------------------------------
--  DDL for Sequence SEQ_BOARD_FREE_NO
--------------------------------------------------------

   CREATE SEQUENCE  "DLEAGUE"."SEQ_BOARD_FREE_NO"  MINVALUE 1 MAXVALUE 9999999999999999999999999999 INCREMENT BY 1 START WITH 25 NOCACHE  NOORDER  NOCYCLE ;
--------------------------------------------------------
--  DDL for Sequence SEQ_BOARD_REGION_COMMENT_NO
--------------------------------------------------------

   CREATE SEQUENCE  "DLEAGUE"."SEQ_BOARD_REGION_COMMENT_NO"  MINVALUE 1 MAXVALUE 9999999999999999999999999999 INCREMENT BY 1 START WITH 99 NOCACHE  NOORDER  NOCYCLE ;
--------------------------------------------------------
--  DDL for Sequence SEQ_BOARD_REGION_NO
--------------------------------------------------------

   CREATE SEQUENCE  "DLEAGUE"."SEQ_BOARD_REGION_NO"  MINVALUE 1 MAXVALUE 9999999999999999999999999999 INCREMENT BY 1 START WITH 90 NOCACHE  NOORDER  NOCYCLE ;
--------------------------------------------------------
--  DDL for Sequence SEQ_COMPLAIN_NO
--------------------------------------------------------

   CREATE SEQUENCE  "DLEAGUE"."SEQ_COMPLAIN_NO"  MINVALUE 1 MAXVALUE 9999999999999999999999999999 INCREMENT BY 1 START WITH 35 NOCACHE  NOORDER  NOCYCLE ;
--------------------------------------------------------
--  DDL for Sequence SEQ_DELETE_NO
--------------------------------------------------------

   CREATE SEQUENCE  "DLEAGUE"."SEQ_DELETE_NO"  MINVALUE 1 MAXVALUE 9999999999999999999999999999 INCREMENT BY 1 START WITH 1 NOCACHE  NOORDER  NOCYCLE ;
--------------------------------------------------------
--  DDL for Sequence SEQ_GAME_NO
--------------------------------------------------------

   CREATE SEQUENCE  "DLEAGUE"."SEQ_GAME_NO"  MINVALUE 1 MAXVALUE 9999999999999999999999999999 INCREMENT BY 1 START WITH 21 NOCACHE  NOORDER  NOCYCLE ;
--------------------------------------------------------
--  DDL for Sequence SEQ_MEMBER_REGISTER_NO
--------------------------------------------------------

   CREATE SEQUENCE  "DLEAGUE"."SEQ_MEMBER_REGISTER_NO"  MINVALUE 1 MAXVALUE 9999999999999999999999999999 INCREMENT BY 1 START WITH 60 NOCACHE  NOORDER  NOCYCLE ;
--------------------------------------------------------
--  DDL for Sequence SEQ_NOTICE_NO
--------------------------------------------------------

   CREATE SEQUENCE  "DLEAGUE"."SEQ_NOTICE_NO"  MINVALUE 1 MAXVALUE 9999999999999999999999999999 INCREMENT BY 1 START WITH 12 NOCACHE  NOORDER  NOCYCLE ;
--------------------------------------------------------
--  DDL for Sequence SEQ_TEAM_REGISTER_NO
--------------------------------------------------------

   CREATE SEQUENCE  "DLEAGUE"."SEQ_TEAM_REGISTER_NO"  MINVALUE 1 MAXVALUE 9999999999999999999999999999 INCREMENT BY 1 START WITH 31 NOCACHE  NOORDER  NOCYCLE ;
--------------------------------------------------------
--  DDL for Sequence SEQ_WAIT_NO
--------------------------------------------------------

   CREATE SEQUENCE  "DLEAGUE"."SEQ_WAIT_NO"  MINVALUE 1 MAXVALUE 9999999999999999999999999999 INCREMENT BY 1 START WITH 26 NOCACHE  NOORDER  NOCYCLE ;
--------------------------------------------------------
--  DDL for Table ACTIVITY
--------------------------------------------------------

  CREATE TABLE "DLEAGUE"."ACTIVITY" 
   (	"ACTIVITY_NO" NUMBER, 
	"HOME" NVARCHAR2(15), 
	"AWAY" NVARCHAR2(15), 
	"PLACE" VARCHAR2(200 BYTE), 
	"ACTIVITYDATE" DATE, 
	"RESULT" NVARCHAR2(15)
   ) SEGMENT CREATION IMMEDIATE 
  PCTFREE 10 PCTUSED 40 INITRANS 1 MAXTRANS 255 NOCOMPRESS LOGGING
  STORAGE(INITIAL 65536 NEXT 1048576 MINEXTENTS 1 MAXEXTENTS 2147483645
  PCTINCREASE 0 FREELISTS 1 FREELIST GROUPS 1 BUFFER_POOL DEFAULT FLASH_CACHE DEFAULT CELL_FLASH_CACHE DEFAULT)
  TABLESPACE "USERS" ;
--------------------------------------------------------
--  DDL for Table BOARD_FREE
--------------------------------------------------------

  CREATE TABLE "DLEAGUE"."BOARD_FREE" 
   (	"BOARD_FREE_NO" NUMBER, 
	"BOARD_FREE_TITLE" VARCHAR2(50 BYTE), 
	"BOARD_FREE_WRITER" VARCHAR2(15 BYTE), 
	"BOARD_FREE_CONTENT" CLOB, 
	"BOARD_FREE_DATE" DATE DEFAULT sysdate, 
	"ORIGINAL_FILE_NAME" VARCHAR2(300 BYTE), 
	"RENAMED_FILE_NAME" VARCHAR2(300 BYTE), 
	"STATUS" VARCHAR2(1 BYTE), 
	"COUNT" NUMBER DEFAULT 0
   ) SEGMENT CREATION IMMEDIATE 
  PCTFREE 10 PCTUSED 40 INITRANS 1 MAXTRANS 255 NOCOMPRESS LOGGING
  STORAGE(INITIAL 65536 NEXT 1048576 MINEXTENTS 1 MAXEXTENTS 2147483645
  PCTINCREASE 0 FREELISTS 1 FREELIST GROUPS 1 BUFFER_POOL DEFAULT FLASH_CACHE DEFAULT CELL_FLASH_CACHE DEFAULT)
  TABLESPACE "USERS" 
 LOB ("BOARD_FREE_CONTENT") STORE AS BASICFILE (
  TABLESPACE "USERS" ENABLE STORAGE IN ROW CHUNK 8192 RETENTION 
  NOCACHE LOGGING 
  STORAGE(INITIAL 65536 NEXT 1048576 MINEXTENTS 1 MAXEXTENTS 2147483645
  PCTINCREASE 0 FREELISTS 1 FREELIST GROUPS 1 BUFFER_POOL DEFAULT FLASH_CACHE DEFAULT CELL_FLASH_CACHE DEFAULT)) ;
--------------------------------------------------------
--  DDL for Table BOARD_FREE_COMMENT
--------------------------------------------------------

  CREATE TABLE "DLEAGUE"."BOARD_FREE_COMMENT" 
   (	"BOARD_FREE_COMMENT_NO" NUMBER, 
	"BOARD_FREE_COMMENT_LEVEL" NUMBER, 
	"BOARD_FREE_COMMENT_WRITER" VARCHAR2(15 BYTE), 
	"BOARD_FREE_COMMENT_CONTENT" VARCHAR2(2000 BYTE), 
	"BOARD_FREE_REF" NUMBER, 
	"BOARD_FREE_COMMENT_REF" NUMBER, 
	"BOARD_FREE_COMMENT_DATE" DATE DEFAULT sysdate
   ) SEGMENT CREATION IMMEDIATE 
  PCTFREE 10 PCTUSED 40 INITRANS 1 MAXTRANS 255 NOCOMPRESS LOGGING
  STORAGE(INITIAL 65536 NEXT 1048576 MINEXTENTS 1 MAXEXTENTS 2147483645
  PCTINCREASE 0 FREELISTS 1 FREELIST GROUPS 1 BUFFER_POOL DEFAULT FLASH_CACHE DEFAULT CELL_FLASH_CACHE DEFAULT)
  TABLESPACE "USERS" ;
--------------------------------------------------------
--  DDL for Table BOARD_REGION
--------------------------------------------------------

  CREATE TABLE "DLEAGUE"."BOARD_REGION" 
   (	"BOARD_REGION_NO" NUMBER, 
	"BOARD_REGION_TITLE" VARCHAR2(50 BYTE), 
	"BOARD_REGION_WRITER" VARCHAR2(15 BYTE), 
	"BOARD_REGIONCODE" VARCHAR2(6 BYTE), 
	"BOARD_REGION_CONTENT" CLOB, 
	"BOARD_REGION_DATE" DATE DEFAULT sysdate, 
	"ORIGINAL_FILE_NAME" VARCHAR2(300 BYTE), 
	"RENAMED_FILE_NAME" VARCHAR2(300 BYTE), 
	"STATUS" VARCHAR2(1 BYTE), 
	"COUNT" NUMBER DEFAULT 0
   ) SEGMENT CREATION IMMEDIATE 
  PCTFREE 10 PCTUSED 40 INITRANS 1 MAXTRANS 255 NOCOMPRESS LOGGING
  STORAGE(INITIAL 65536 NEXT 1048576 MINEXTENTS 1 MAXEXTENTS 2147483645
  PCTINCREASE 0 FREELISTS 1 FREELIST GROUPS 1 BUFFER_POOL DEFAULT FLASH_CACHE DEFAULT CELL_FLASH_CACHE DEFAULT)
  TABLESPACE "USERS" 
 LOB ("BOARD_REGION_CONTENT") STORE AS BASICFILE (
  TABLESPACE "USERS" ENABLE STORAGE IN ROW CHUNK 8192 RETENTION 
  NOCACHE LOGGING 
  STORAGE(INITIAL 65536 NEXT 1048576 MINEXTENTS 1 MAXEXTENTS 2147483645
  PCTINCREASE 0 FREELISTS 1 FREELIST GROUPS 1 BUFFER_POOL DEFAULT FLASH_CACHE DEFAULT CELL_FLASH_CACHE DEFAULT)) ;
--------------------------------------------------------
--  DDL for Table BOARD_REGION_COMMENT
--------------------------------------------------------

  CREATE TABLE "DLEAGUE"."BOARD_REGION_COMMENT" 
   (	"BOARD_REGION_COMMENT_NO" NUMBER, 
	"BOARD_REGION_COMMENT_LEVEL" NUMBER, 
	"BOARD_REGION_COMMENT_WRITER" VARCHAR2(15 BYTE), 
	"BOARD_REGION_COMMENT_CONTENT" VARCHAR2(2000 BYTE), 
	"BOARD_REGION_REF" NUMBER, 
	"BOARD_REGION_COMMENT_REF" NUMBER, 
	"BOARD_REGION_COMMENT_DATE" DATE DEFAULT sysdate
   ) SEGMENT CREATION IMMEDIATE 
  PCTFREE 10 PCTUSED 40 INITRANS 1 MAXTRANS 255 NOCOMPRESS LOGGING
  STORAGE(INITIAL 65536 NEXT 1048576 MINEXTENTS 1 MAXEXTENTS 2147483645
  PCTINCREASE 0 FREELISTS 1 FREELIST GROUPS 1 BUFFER_POOL DEFAULT FLASH_CACHE DEFAULT CELL_FLASH_CACHE DEFAULT)
  TABLESPACE "USERS" ;
--------------------------------------------------------
--  DDL for Table COMPLAIN
--------------------------------------------------------

  CREATE TABLE "DLEAGUE"."COMPLAIN" 
   (	"COMPLAIN_NO" NUMBER, 
	"COMPLAIN_TITLE" VARCHAR2(100 BYTE), 
	"COMPLAIN_WRITER" VARCHAR2(15 BYTE), 
	"COMPLAIN_DATE" DATE DEFAULT sysdate, 
	"COMPLAIN_CONTENT" CLOB, 
	"C_USERID" VARCHAR2(15 BYTE), 
	"C_TEAMNAME" NVARCHAR2(15), 
	"COMPLAIN_TYPE" VARCHAR2(10 BYTE), 
	"RESULT" VARCHAR2(200 BYTE), 
	"RESULT_DATE" DATE DEFAULT NULL
   ) SEGMENT CREATION IMMEDIATE 
  PCTFREE 10 PCTUSED 40 INITRANS 1 MAXTRANS 255 NOCOMPRESS LOGGING
  STORAGE(INITIAL 65536 NEXT 1048576 MINEXTENTS 1 MAXEXTENTS 2147483645
  PCTINCREASE 0 FREELISTS 1 FREELIST GROUPS 1 BUFFER_POOL DEFAULT FLASH_CACHE DEFAULT CELL_FLASH_CACHE DEFAULT)
  TABLESPACE "USERS" 
 LOB ("COMPLAIN_CONTENT") STORE AS BASICFILE (
  TABLESPACE "USERS" ENABLE STORAGE IN ROW CHUNK 8192 RETENTION 
  NOCACHE LOGGING 
  STORAGE(INITIAL 65536 NEXT 1048576 MINEXTENTS 1 MAXEXTENTS 2147483645
  PCTINCREASE 0 FREELISTS 1 FREELIST GROUPS 1 BUFFER_POOL DEFAULT FLASH_CACHE DEFAULT CELL_FLASH_CACHE DEFAULT)) ;
--------------------------------------------------------
--  DDL for Table GAME
--------------------------------------------------------

  CREATE TABLE "DLEAGUE"."GAME" 
   (	"GAME_NO" NUMBER, 
	"HOME" NVARCHAR2(15), 
	"AWAY" NVARCHAR2(15), 
	"GAMEDATE" DATE, 
	"GAME_REG_DATE" DATE DEFAULT sysdate, 
	"PLACE" VARCHAR2(200 BYTE), 
	"START_TIME" VARCHAR2(20 BYTE), 
	"GAME_CONTENT" CLOB, 
	"STATUS" VARCHAR2(1 BYTE)
   ) SEGMENT CREATION IMMEDIATE 
  PCTFREE 10 PCTUSED 40 INITRANS 1 MAXTRANS 255 NOCOMPRESS LOGGING
  STORAGE(INITIAL 65536 NEXT 1048576 MINEXTENTS 1 MAXEXTENTS 2147483645
  PCTINCREASE 0 FREELISTS 1 FREELIST GROUPS 1 BUFFER_POOL DEFAULT FLASH_CACHE DEFAULT CELL_FLASH_CACHE DEFAULT)
  TABLESPACE "USERS" 
 LOB ("GAME_CONTENT") STORE AS BASICFILE (
  TABLESPACE "USERS" ENABLE STORAGE IN ROW CHUNK 8192 RETENTION 
  NOCACHE LOGGING 
  STORAGE(INITIAL 65536 NEXT 1048576 MINEXTENTS 1 MAXEXTENTS 2147483645
  PCTINCREASE 0 FREELISTS 1 FREELIST GROUPS 1 BUFFER_POOL DEFAULT FLASH_CACHE DEFAULT CELL_FLASH_CACHE DEFAULT)) ;
--------------------------------------------------------
--  DDL for Table MEMBER_REGISTER
--------------------------------------------------------

  CREATE TABLE "DLEAGUE"."MEMBER_REGISTER" 
   (	"MEMBER_REGISTER_NO" NUMBER, 
	"USERID" VARCHAR2(15 BYTE), 
	"TEAMNAME" NVARCHAR2(15), 
	"MESSAGE" VARCHAR2(4000 BYTE), 
	"REGISTER_DATE" DATE DEFAULT sysdate, 
	"YN" VARCHAR2(1 BYTE)
   ) SEGMENT CREATION IMMEDIATE 
  PCTFREE 10 PCTUSED 40 INITRANS 1 MAXTRANS 255 NOCOMPRESS LOGGING
  STORAGE(INITIAL 65536 NEXT 1048576 MINEXTENTS 1 MAXEXTENTS 2147483645
  PCTINCREASE 0 FREELISTS 1 FREELIST GROUPS 1 BUFFER_POOL DEFAULT FLASH_CACHE DEFAULT CELL_FLASH_CACHE DEFAULT)
  TABLESPACE "USERS" ;
--------------------------------------------------------
--  DDL for Table NOTICE
--------------------------------------------------------

  CREATE TABLE "DLEAGUE"."NOTICE" 
   (	"NOTICE_NO" NUMBER, 
	"NOTICE_TITLE" VARCHAR2(100 BYTE), 
	"NOTICE_WRITER" VARCHAR2(15 BYTE), 
	"NOTICE_CONTENT" VARCHAR2(4000 BYTE), 
	"NOTICE_DATE" DATE DEFAULT sysdate, 
	"ORIGINAL_FILE_NAME" VARCHAR2(300 BYTE), 
	"RENAMED_FILE_NAME" VARCHAR2(300 BYTE), 
	"STATUS" CHAR(1 BYTE) DEFAULT 'Y'
   ) SEGMENT CREATION IMMEDIATE 
  PCTFREE 10 PCTUSED 40 INITRANS 1 MAXTRANS 255 NOCOMPRESS LOGGING
  STORAGE(INITIAL 65536 NEXT 1048576 MINEXTENTS 1 MAXEXTENTS 2147483645
  PCTINCREASE 0 FREELISTS 1 FREELIST GROUPS 1 BUFFER_POOL DEFAULT FLASH_CACHE DEFAULT CELL_FLASH_CACHE DEFAULT)
  TABLESPACE "USERS" ;
--------------------------------------------------------
--  DDL for Table REGION
--------------------------------------------------------

  CREATE TABLE "DLEAGUE"."REGION" 
   (	"REGIONCODE" VARCHAR2(6 BYTE), 
	"REGIONNAME" NVARCHAR2(2)
   ) SEGMENT CREATION IMMEDIATE 
  PCTFREE 10 PCTUSED 40 INITRANS 1 MAXTRANS 255 NOCOMPRESS LOGGING
  STORAGE(INITIAL 65536 NEXT 1048576 MINEXTENTS 1 MAXEXTENTS 2147483645
  PCTINCREASE 0 FREELISTS 1 FREELIST GROUPS 1 BUFFER_POOL DEFAULT FLASH_CACHE DEFAULT CELL_FLASH_CACHE DEFAULT)
  TABLESPACE "USERS" ;
--------------------------------------------------------
--  DDL for Table TBL_DELETE_USER
--------------------------------------------------------

  CREATE TABLE "DLEAGUE"."TBL_DELETE_USER" 
   (	"DELETE_NO" NUMBER, 
	"USERID" VARCHAR2(15 BYTE), 
	"PASSWORD" VARCHAR2(200 BYTE), 
	"USERNAME" NVARCHAR2(5), 
	"REGIONCODE" VARCHAR2(6 BYTE), 
	"PHONE" NVARCHAR2(11), 
	"PROFILE" VARCHAR2(4000 BYTE), 
	"PHOTO" VARCHAR2(300 BYTE), 
	"DELETEDATE" DATE DEFAULT sysdate
   ) SEGMENT CREATION IMMEDIATE 
  PCTFREE 10 PCTUSED 40 INITRANS 1 MAXTRANS 255 NOCOMPRESS LOGGING
  STORAGE(INITIAL 65536 NEXT 1048576 MINEXTENTS 1 MAXEXTENTS 2147483645
  PCTINCREASE 0 FREELISTS 1 FREELIST GROUPS 1 BUFFER_POOL DEFAULT FLASH_CACHE DEFAULT CELL_FLASH_CACHE DEFAULT)
  TABLESPACE "USERS" ;
--------------------------------------------------------
--  DDL for Table TBL_USER
--------------------------------------------------------

  CREATE TABLE "DLEAGUE"."TBL_USER" 
   (	"USERID" VARCHAR2(15 BYTE), 
	"PASSWORD" VARCHAR2(200 BYTE), 
	"USERNAME" NVARCHAR2(5), 
	"REGIONCODE" VARCHAR2(6 BYTE), 
	"PHONE" NVARCHAR2(15), 
	"EMAIL" VARCHAR2(50 BYTE), 
	"TEAMNAME" NVARCHAR2(15), 
	"PROFILE" VARCHAR2(4000 BYTE), 
	"GRADE" NVARCHAR2(5) DEFAULT '선수', 
	"PHOTO" VARCHAR2(300 BYTE) DEFAULT 'default.jpg', 
	"ENROLLDATE" DATE DEFAULT SYSDATE, 
	"BIRTHDAY" VARCHAR2(30 BYTE)
   ) SEGMENT CREATION IMMEDIATE 
  PCTFREE 10 PCTUSED 40 INITRANS 1 MAXTRANS 255 NOCOMPRESS LOGGING
  STORAGE(INITIAL 65536 NEXT 1048576 MINEXTENTS 1 MAXEXTENTS 2147483645
  PCTINCREASE 0 FREELISTS 1 FREELIST GROUPS 1 BUFFER_POOL DEFAULT FLASH_CACHE DEFAULT CELL_FLASH_CACHE DEFAULT)
  TABLESPACE "USERS" ;
--------------------------------------------------------
--  DDL for Table TEAM
--------------------------------------------------------

  CREATE TABLE "DLEAGUE"."TEAM" 
   (	"TEAMNAME" NVARCHAR2(15), 
	"REGIONCODE" VARCHAR2(6 BYTE), 
	"CAPTAIN" VARCHAR2(15 BYTE), 
	"TEAMLOGO" VARCHAR2(300 BYTE) DEFAULT 'default.png', 
	"INTRODUCE" CLOB, 
	"FOUNDINGDATE" DATE DEFAULT sysdate, 
	"STATUS" VARCHAR2(1 BYTE) DEFAULT 'Y'
   ) SEGMENT CREATION IMMEDIATE 
  PCTFREE 10 PCTUSED 40 INITRANS 1 MAXTRANS 255 NOCOMPRESS LOGGING
  STORAGE(INITIAL 65536 NEXT 1048576 MINEXTENTS 1 MAXEXTENTS 2147483645
  PCTINCREASE 0 FREELISTS 1 FREELIST GROUPS 1 BUFFER_POOL DEFAULT FLASH_CACHE DEFAULT CELL_FLASH_CACHE DEFAULT)
  TABLESPACE "USERS" 
 LOB ("INTRODUCE") STORE AS BASICFILE (
  TABLESPACE "USERS" ENABLE STORAGE IN ROW CHUNK 8192 RETENTION 
  NOCACHE LOGGING 
  STORAGE(INITIAL 65536 NEXT 1048576 MINEXTENTS 1 MAXEXTENTS 2147483645
  PCTINCREASE 0 FREELISTS 1 FREELIST GROUPS 1 BUFFER_POOL DEFAULT FLASH_CACHE DEFAULT CELL_FLASH_CACHE DEFAULT)) ;
--------------------------------------------------------
--  DDL for Table TEAM_MEMBER
--------------------------------------------------------

  CREATE TABLE "DLEAGUE"."TEAM_MEMBER" 
   (	"USERID" VARCHAR2(15 BYTE), 
	"TEAMNAME" NVARCHAR2(15), 
	"T_ENROLLDATE" DATE DEFAULT sysdate, 
	"GRADE" VARCHAR2(10 BYTE) DEFAULT '팀원'
   ) SEGMENT CREATION IMMEDIATE 
  PCTFREE 10 PCTUSED 40 INITRANS 1 MAXTRANS 255 NOCOMPRESS LOGGING
  STORAGE(INITIAL 65536 NEXT 1048576 MINEXTENTS 1 MAXEXTENTS 2147483645
  PCTINCREASE 0 FREELISTS 1 FREELIST GROUPS 1 BUFFER_POOL DEFAULT FLASH_CACHE DEFAULT CELL_FLASH_CACHE DEFAULT)
  TABLESPACE "USERS" ;
--------------------------------------------------------
--  DDL for Table TEAM_REGISTER
--------------------------------------------------------

  CREATE TABLE "DLEAGUE"."TEAM_REGISTER" 
   (	"TEAM_REGISTER_NO" NUMBER, 
	"TEAMNAME" NVARCHAR2(15), 
	"T_REGISTER_WRITER" VARCHAR2(15 BYTE), 
	"REGIONCODE" VARCHAR2(6 BYTE), 
	"TEAMLOGO" VARCHAR2(300 BYTE) DEFAULT 'default.png', 
	"INTRODUCE" CLOB, 
	"REGISTER_MSG" VARCHAR2(4000 BYTE), 
	"REGISTER_DATE" DATE DEFAULT sysdate, 
	"STATUS" VARCHAR2(1 BYTE)
   ) SEGMENT CREATION IMMEDIATE 
  PCTFREE 10 PCTUSED 40 INITRANS 1 MAXTRANS 255 NOCOMPRESS LOGGING
  STORAGE(INITIAL 65536 NEXT 1048576 MINEXTENTS 1 MAXEXTENTS 2147483645
  PCTINCREASE 0 FREELISTS 1 FREELIST GROUPS 1 BUFFER_POOL DEFAULT FLASH_CACHE DEFAULT CELL_FLASH_CACHE DEFAULT)
  TABLESPACE "USERS" 
 LOB ("INTRODUCE") STORE AS BASICFILE (
  TABLESPACE "USERS" ENABLE STORAGE IN ROW CHUNK 8192 RETENTION 
  NOCACHE LOGGING 
  STORAGE(INITIAL 65536 NEXT 1048576 MINEXTENTS 1 MAXEXTENTS 2147483645
  PCTINCREASE 0 FREELISTS 1 FREELIST GROUPS 1 BUFFER_POOL DEFAULT FLASH_CACHE DEFAULT CELL_FLASH_CACHE DEFAULT)) ;
--------------------------------------------------------
--  DDL for Table WAITTEAM
--------------------------------------------------------

  CREATE TABLE "DLEAGUE"."WAITTEAM" 
   (	"WAIT_NO" NUMBER, 
	"TEAMNAME" NVARCHAR2(15), 
	"GAME_NO" NUMBER, 
	"STATUS" VARCHAR2(1 BYTE)
   ) SEGMENT CREATION IMMEDIATE 
  PCTFREE 10 PCTUSED 40 INITRANS 1 MAXTRANS 255 NOCOMPRESS LOGGING
  STORAGE(INITIAL 65536 NEXT 1048576 MINEXTENTS 1 MAXEXTENTS 2147483645
  PCTINCREASE 0 FREELISTS 1 FREELIST GROUPS 1 BUFFER_POOL DEFAULT FLASH_CACHE DEFAULT CELL_FLASH_CACHE DEFAULT)
  TABLESPACE "USERS" ;
REM INSERTING into DLEAGUE.ACTIVITY
SET DEFINE OFF;
Insert into DLEAGUE.ACTIVITY (ACTIVITY_NO,HOME,AWAY,PLACE,ACTIVITYDATE,RESULT) values (11,'testTeam3','testTeam1','경기도 이천시 백사면 청백리로911번길 3##127.499477#37.3395732',to_date('18/05/18','RR/MM/DD'),'12 : 34');
Insert into DLEAGUE.ACTIVITY (ACTIVITY_NO,HOME,AWAY,PLACE,ACTIVITYDATE,RESULT) values (8,'testTeam5','testTeam1','경기도 이천시 백사면 청백리로 853##127.5050345#37.3373083',to_date('18/05/09','RR/MM/DD'),'4 : 17');
Insert into DLEAGUE.ACTIVITY (ACTIVITY_NO,HOME,AWAY,PLACE,ACTIVITYDATE,RESULT) values (20,'testTeam1','삼성라이온즈','경기도 안산시 단원구 광덕동로 25#105동 1604호#126.8319882#37.3068984',to_date('18/05/20','RR/MM/DD'),'60 : 1');
Insert into DLEAGUE.ACTIVITY (ACTIVITY_NO,HOME,AWAY,PLACE,ACTIVITYDATE,RESULT) values (3,'testTeam3','testTeam5','경기도 이천시 증신로291번길 155##127.4312638#37.2964912',to_date('18/05/20','RR/MM/DD'),'18 : 35');
Insert into DLEAGUE.ACTIVITY (ACTIVITY_NO,HOME,AWAY,PLACE,ACTIVITYDATE,RESULT) values (14,'testTeam3','testTeam1','경기도 이천시 백사면 이여로 254##127.4700573#37.3197009',to_date('18/05/18','RR/MM/DD'),'8 : 26');
Insert into DLEAGUE.ACTIVITY (ACTIVITY_NO,HOME,AWAY,PLACE,ACTIVITYDATE,RESULT) values (6,'testTeam1','testTeam5','경기도 안산시 단원구 광덕동로 25#105동 1604호#126.8319882#37.3068984',to_date('18/05/21','RR/MM/DD'),'14 : 31');
Insert into DLEAGUE.ACTIVITY (ACTIVITY_NO,HOME,AWAY,PLACE,ACTIVITYDATE,RESULT) values (9,'testTeam3','testTeam1','강원도 강릉시 가작로 78##128.8843677#37.7678054',to_date('18/05/18','RR/MM/DD'),'100 : 100');
Insert into DLEAGUE.ACTIVITY (ACTIVITY_NO,HOME,AWAY,PLACE,ACTIVITYDATE,RESULT) values (10,'testTeam1','testTeam3','경기도 이천시 백사면 청백리로 853##127.5050345#37.3373083',to_date('18/05/18','RR/MM/DD'),'13 : 5');
Insert into DLEAGUE.ACTIVITY (ACTIVITY_NO,HOME,AWAY,PLACE,ACTIVITYDATE,RESULT) values (12,'testTeam1','testTeam2','경기도 안산시 단원구 광덕동로 25#105동 1604호#126.8319882#37.3068984',to_date('18/05/23','RR/MM/DD'),'1 : 2');
REM INSERTING into DLEAGUE.BOARD_FREE
SET DEFINE OFF;
Insert into DLEAGUE.BOARD_FREE (BOARD_FREE_NO,BOARD_FREE_TITLE,BOARD_FREE_WRITER,BOARD_FREE_DATE,ORIGINAL_FILE_NAME,RENAMED_FILE_NAME,STATUS,COUNT) values (11,'zgd','test1',to_date('18/05/16','RR/MM/DD'),null,null,'Y',1);
Insert into DLEAGUE.BOARD_FREE (BOARD_FREE_NO,BOARD_FREE_TITLE,BOARD_FREE_WRITER,BOARD_FREE_DATE,ORIGINAL_FILE_NAME,RENAMED_FILE_NAME,STATUS,COUNT) values (13,'sdas','test2',to_date('18/05/16','RR/MM/DD'),null,null,'Y',4);
Insert into DLEAGUE.BOARD_FREE (BOARD_FREE_NO,BOARD_FREE_TITLE,BOARD_FREE_WRITER,BOARD_FREE_DATE,ORIGINAL_FILE_NAME,RENAMED_FILE_NAME,STATUS,COUNT) values (14,'ja','test20',to_date('18/05/17','RR/MM/DD'),null,null,'Y',5);
Insert into DLEAGUE.BOARD_FREE (BOARD_FREE_NO,BOARD_FREE_TITLE,BOARD_FREE_WRITER,BOARD_FREE_DATE,ORIGINAL_FILE_NAME,RENAMED_FILE_NAME,STATUS,COUNT) values (15,'자유게시판을 테스트합니다요','test1',to_date('18/05/17','RR/MM/DD'),null,null,'N',1);
Insert into DLEAGUE.BOARD_FREE (BOARD_FREE_NO,BOARD_FREE_TITLE,BOARD_FREE_WRITER,BOARD_FREE_DATE,ORIGINAL_FILE_NAME,RENAMED_FILE_NAME,STATUS,COUNT) values (6,'ㅋㅎ','yeon',to_date('18/05/13','RR/MM/DD'),'ㅋㅋ.txt','20180213_150249956_997.txt','Y',2);
Insert into DLEAGUE.BOARD_FREE (BOARD_FREE_NO,BOARD_FREE_TITLE,BOARD_FREE_WRITER,BOARD_FREE_DATE,ORIGINAL_FILE_NAME,RENAMED_FILE_NAME,STATUS,COUNT) values (7,'dsg','yeon',to_date('18/05/13','RR/MM/DD'),null,null,'Y',1);
Insert into DLEAGUE.BOARD_FREE (BOARD_FREE_NO,BOARD_FREE_TITLE,BOARD_FREE_WRITER,BOARD_FREE_DATE,ORIGINAL_FILE_NAME,RENAMED_FILE_NAME,STATUS,COUNT) values (8,'zz','yeon',to_date('18/05/13','RR/MM/DD'),null,null,'Y',1);
Insert into DLEAGUE.BOARD_FREE (BOARD_FREE_NO,BOARD_FREE_TITLE,BOARD_FREE_WRITER,BOARD_FREE_DATE,ORIGINAL_FILE_NAME,RENAMED_FILE_NAME,STATUS,COUNT) values (9,'ㅋㅎㅎ','yeon',to_date('18/05/14','RR/MM/DD'),null,null,'Y',2);
Insert into DLEAGUE.BOARD_FREE (BOARD_FREE_NO,BOARD_FREE_TITLE,BOARD_FREE_WRITER,BOARD_FREE_DATE,ORIGINAL_FILE_NAME,RENAMED_FILE_NAME,STATUS,COUNT) values (22,'sfds','test1',to_date('18/05/20','RR/MM/DD'),null,null,'Y',3);
Insert into DLEAGUE.BOARD_FREE (BOARD_FREE_NO,BOARD_FREE_TITLE,BOARD_FREE_WRITER,BOARD_FREE_DATE,ORIGINAL_FILE_NAME,RENAMED_FILE_NAME,STATUS,COUNT) values (10,'ㅋㅎㅎ','yeon',to_date('18/05/14','RR/MM/DD'),null,null,'Y',1);
Insert into DLEAGUE.BOARD_FREE (BOARD_FREE_NO,BOARD_FREE_TITLE,BOARD_FREE_WRITER,BOARD_FREE_DATE,ORIGINAL_FILE_NAME,RENAMED_FILE_NAME,STATUS,COUNT) values (12,'zgg','yeon',to_date('18/05/16','RR/MM/DD'),null,null,'Y',1);
Insert into DLEAGUE.BOARD_FREE (BOARD_FREE_NO,BOARD_FREE_TITLE,BOARD_FREE_WRITER,BOARD_FREE_DATE,ORIGINAL_FILE_NAME,RENAMED_FILE_NAME,STATUS,COUNT) values (18,'ㅋ','yeon',to_date('18/05/18','RR/MM/DD'),'headerImage.png.jpg','20181518_141556928_24.jpg','N',3);
Insert into DLEAGUE.BOARD_FREE (BOARD_FREE_NO,BOARD_FREE_TITLE,BOARD_FREE_WRITER,BOARD_FREE_DATE,ORIGINAL_FILE_NAME,RENAMED_FILE_NAME,STATUS,COUNT) values (20,'fdg','admin',to_date('18/05/19','RR/MM/DD'),'ㅋㅋ.txt','20185719_095712102_947.txt','Y',4);
Insert into DLEAGUE.BOARD_FREE (BOARD_FREE_NO,BOARD_FREE_TITLE,BOARD_FREE_WRITER,BOARD_FREE_DATE,ORIGINAL_FILE_NAME,RENAMED_FILE_NAME,STATUS,COUNT) values (23,'asd','member4',to_date('18/05/20','RR/MM/DD'),null,null,'Y',1);
Insert into DLEAGUE.BOARD_FREE (BOARD_FREE_NO,BOARD_FREE_TITLE,BOARD_FREE_WRITER,BOARD_FREE_DATE,ORIGINAL_FILE_NAME,RENAMED_FILE_NAME,STATUS,COUNT) values (24,'dsadsa','test5',to_date('18/05/20','RR/MM/DD'),null,null,'Y',2);
Insert into DLEAGUE.BOARD_FREE (BOARD_FREE_NO,BOARD_FREE_TITLE,BOARD_FREE_WRITER,BOARD_FREE_DATE,ORIGINAL_FILE_NAME,RENAMED_FILE_NAME,STATUS,COUNT) values (3,'타이틀','yeon',to_date('18/05/13','RR/MM/DD'),null,null,'Y',0);
Insert into DLEAGUE.BOARD_FREE (BOARD_FREE_NO,BOARD_FREE_TITLE,BOARD_FREE_WRITER,BOARD_FREE_DATE,ORIGINAL_FILE_NAME,RENAMED_FILE_NAME,STATUS,COUNT) values (5,'타이틀','yeon',to_date('18/05/13','RR/MM/DD'),null,null,'N',0);
Insert into DLEAGUE.BOARD_FREE (BOARD_FREE_NO,BOARD_FREE_TITLE,BOARD_FREE_WRITER,BOARD_FREE_DATE,ORIGINAL_FILE_NAME,RENAMED_FILE_NAME,STATUS,COUNT) values (16,'안녕안녕','test3',to_date('18/05/18','RR/MM/DD'),null,null,'Y',1);
Insert into DLEAGUE.BOARD_FREE (BOARD_FREE_NO,BOARD_FREE_TITLE,BOARD_FREE_WRITER,BOARD_FREE_DATE,ORIGINAL_FILE_NAME,RENAMED_FILE_NAME,STATUS,COUNT) values (17,'ㅎㅎㅎㅎㅎㅎ','test3',to_date('18/05/18','RR/MM/DD'),null,null,'Y',4);
Insert into DLEAGUE.BOARD_FREE (BOARD_FREE_NO,BOARD_FREE_TITLE,BOARD_FREE_WRITER,BOARD_FREE_DATE,ORIGINAL_FILE_NAME,RENAMED_FILE_NAME,STATUS,COUNT) values (19,'wega','admin',to_date('18/05/18','RR/MM/DD'),'fileImage.png','20184318_144351123_43.png','Y',6);
Insert into DLEAGUE.BOARD_FREE (BOARD_FREE_NO,BOARD_FREE_TITLE,BOARD_FREE_WRITER,BOARD_FREE_DATE,ORIGINAL_FILE_NAME,RENAMED_FILE_NAME,STATUS,COUNT) values (21,'안녕하세요ㅎㅎ','admin',to_date('18/05/19','RR/MM/DD'),'Notice.png','20185019_225019861_224.png','N',1);
REM INSERTING into DLEAGUE.BOARD_FREE_COMMENT
SET DEFINE OFF;
Insert into DLEAGUE.BOARD_FREE_COMMENT (BOARD_FREE_COMMENT_NO,BOARD_FREE_COMMENT_LEVEL,BOARD_FREE_COMMENT_WRITER,BOARD_FREE_COMMENT_CONTENT,BOARD_FREE_REF,BOARD_FREE_COMMENT_REF,BOARD_FREE_COMMENT_DATE) values (2,2,'yeon','z',3,1,to_date('18/05/13','RR/MM/DD'));
Insert into DLEAGUE.BOARD_FREE_COMMENT (BOARD_FREE_COMMENT_NO,BOARD_FREE_COMMENT_LEVEL,BOARD_FREE_COMMENT_WRITER,BOARD_FREE_COMMENT_CONTENT,BOARD_FREE_REF,BOARD_FREE_COMMENT_REF,BOARD_FREE_COMMENT_DATE) values (6,1,'test1','댓글 테스트합니다요',15,null,to_date('18/05/17','RR/MM/DD'));
Insert into DLEAGUE.BOARD_FREE_COMMENT (BOARD_FREE_COMMENT_NO,BOARD_FREE_COMMENT_LEVEL,BOARD_FREE_COMMENT_WRITER,BOARD_FREE_COMMENT_CONTENT,BOARD_FREE_REF,BOARD_FREE_COMMENT_REF,BOARD_FREE_COMMENT_DATE) values (7,2,'test1','그래요
',15,6,to_date('18/05/17','RR/MM/DD'));
Insert into DLEAGUE.BOARD_FREE_COMMENT (BOARD_FREE_COMMENT_NO,BOARD_FREE_COMMENT_LEVEL,BOARD_FREE_COMMENT_WRITER,BOARD_FREE_COMMENT_CONTENT,BOARD_FREE_REF,BOARD_FREE_COMMENT_REF,BOARD_FREE_COMMENT_DATE) values (11,1,'admin','klkl;kl;',13,null,to_date('18/05/18','RR/MM/DD'));
Insert into DLEAGUE.BOARD_FREE_COMMENT (BOARD_FREE_COMMENT_NO,BOARD_FREE_COMMENT_LEVEL,BOARD_FREE_COMMENT_WRITER,BOARD_FREE_COMMENT_CONTENT,BOARD_FREE_REF,BOARD_FREE_COMMENT_REF,BOARD_FREE_COMMENT_DATE) values (12,1,'admin','zxzx',13,null,to_date('18/05/18','RR/MM/DD'));
Insert into DLEAGUE.BOARD_FREE_COMMENT (BOARD_FREE_COMMENT_NO,BOARD_FREE_COMMENT_LEVEL,BOARD_FREE_COMMENT_WRITER,BOARD_FREE_COMMENT_CONTENT,BOARD_FREE_REF,BOARD_FREE_COMMENT_REF,BOARD_FREE_COMMENT_DATE) values (14,1,'admin','됐다!!!',14,null,to_date('18/05/18','RR/MM/DD'));
Insert into DLEAGUE.BOARD_FREE_COMMENT (BOARD_FREE_COMMENT_NO,BOARD_FREE_COMMENT_LEVEL,BOARD_FREE_COMMENT_WRITER,BOARD_FREE_COMMENT_CONTENT,BOARD_FREE_REF,BOARD_FREE_COMMENT_REF,BOARD_FREE_COMMENT_DATE) values (16,1,'admin','됐다!!!',14,null,to_date('18/05/18','RR/MM/DD'));
Insert into DLEAGUE.BOARD_FREE_COMMENT (BOARD_FREE_COMMENT_NO,BOARD_FREE_COMMENT_LEVEL,BOARD_FREE_COMMENT_WRITER,BOARD_FREE_COMMENT_CONTENT,BOARD_FREE_REF,BOARD_FREE_COMMENT_REF,BOARD_FREE_COMMENT_DATE) values (17,1,'admin','됐다!!!',14,null,to_date('18/05/18','RR/MM/DD'));
Insert into DLEAGUE.BOARD_FREE_COMMENT (BOARD_FREE_COMMENT_NO,BOARD_FREE_COMMENT_LEVEL,BOARD_FREE_COMMENT_WRITER,BOARD_FREE_COMMENT_CONTENT,BOARD_FREE_REF,BOARD_FREE_COMMENT_REF,BOARD_FREE_COMMENT_DATE) values (18,1,'admin','됐다!!!',14,null,to_date('18/05/18','RR/MM/DD'));
Insert into DLEAGUE.BOARD_FREE_COMMENT (BOARD_FREE_COMMENT_NO,BOARD_FREE_COMMENT_LEVEL,BOARD_FREE_COMMENT_WRITER,BOARD_FREE_COMMENT_CONTENT,BOARD_FREE_REF,BOARD_FREE_COMMENT_REF,BOARD_FREE_COMMENT_DATE) values (21,1,'admin','어드민',19,null,to_date('18/05/20','RR/MM/DD'));
Insert into DLEAGUE.BOARD_FREE_COMMENT (BOARD_FREE_COMMENT_NO,BOARD_FREE_COMMENT_LEVEL,BOARD_FREE_COMMENT_WRITER,BOARD_FREE_COMMENT_CONTENT,BOARD_FREE_REF,BOARD_FREE_COMMENT_REF,BOARD_FREE_COMMENT_DATE) values (13,1,'admin','됐다!!!',14,null,to_date('18/05/18','RR/MM/DD'));
Insert into DLEAGUE.BOARD_FREE_COMMENT (BOARD_FREE_COMMENT_NO,BOARD_FREE_COMMENT_LEVEL,BOARD_FREE_COMMENT_WRITER,BOARD_FREE_COMMENT_CONTENT,BOARD_FREE_REF,BOARD_FREE_COMMENT_REF,BOARD_FREE_COMMENT_DATE) values (1,1,'yeon','gg',3,null,to_date('18/05/13','RR/MM/DD'));
Insert into DLEAGUE.BOARD_FREE_COMMENT (BOARD_FREE_COMMENT_NO,BOARD_FREE_COMMENT_LEVEL,BOARD_FREE_COMMENT_WRITER,BOARD_FREE_COMMENT_CONTENT,BOARD_FREE_REF,BOARD_FREE_COMMENT_REF,BOARD_FREE_COMMENT_DATE) values (3,1,'yeon','gs',3,null,to_date('18/05/13','RR/MM/DD'));
Insert into DLEAGUE.BOARD_FREE_COMMENT (BOARD_FREE_COMMENT_NO,BOARD_FREE_COMMENT_LEVEL,BOARD_FREE_COMMENT_WRITER,BOARD_FREE_COMMENT_CONTENT,BOARD_FREE_REF,BOARD_FREE_COMMENT_REF,BOARD_FREE_COMMENT_DATE) values (20,2,'yeon','ㅎㅎ',17,19,to_date('18/05/19','RR/MM/DD'));
Insert into DLEAGUE.BOARD_FREE_COMMENT (BOARD_FREE_COMMENT_NO,BOARD_FREE_COMMENT_LEVEL,BOARD_FREE_COMMENT_WRITER,BOARD_FREE_COMMENT_CONTENT,BOARD_FREE_REF,BOARD_FREE_COMMENT_REF,BOARD_FREE_COMMENT_DATE) values (15,1,'admin','됐다!!!',14,null,to_date('18/05/18','RR/MM/DD'));
Insert into DLEAGUE.BOARD_FREE_COMMENT (BOARD_FREE_COMMENT_NO,BOARD_FREE_COMMENT_LEVEL,BOARD_FREE_COMMENT_WRITER,BOARD_FREE_COMMENT_CONTENT,BOARD_FREE_REF,BOARD_FREE_COMMENT_REF,BOARD_FREE_COMMENT_DATE) values (19,1,'yeon','안녕하세요',17,null,to_date('18/05/19','RR/MM/DD'));
Insert into DLEAGUE.BOARD_FREE_COMMENT (BOARD_FREE_COMMENT_NO,BOARD_FREE_COMMENT_LEVEL,BOARD_FREE_COMMENT_WRITER,BOARD_FREE_COMMENT_CONTENT,BOARD_FREE_REF,BOARD_FREE_COMMENT_REF,BOARD_FREE_COMMENT_DATE) values (23,1,'admin','asd',22,null,to_date('18/05/20','RR/MM/DD'));
Insert into DLEAGUE.BOARD_FREE_COMMENT (BOARD_FREE_COMMENT_NO,BOARD_FREE_COMMENT_LEVEL,BOARD_FREE_COMMENT_WRITER,BOARD_FREE_COMMENT_CONTENT,BOARD_FREE_REF,BOARD_FREE_COMMENT_REF,BOARD_FREE_COMMENT_DATE) values (24,1,'admin','asdasdasd',22,null,to_date('18/05/20','RR/MM/DD'));
Insert into DLEAGUE.BOARD_FREE_COMMENT (BOARD_FREE_COMMENT_NO,BOARD_FREE_COMMENT_LEVEL,BOARD_FREE_COMMENT_WRITER,BOARD_FREE_COMMENT_CONTENT,BOARD_FREE_REF,BOARD_FREE_COMMENT_REF,BOARD_FREE_COMMENT_DATE) values (29,2,'admin','asdasdadasdadasdasdasdasdasdgdhi',22,24,to_date('18/05/20','RR/MM/DD'));
Insert into DLEAGUE.BOARD_FREE_COMMENT (BOARD_FREE_COMMENT_NO,BOARD_FREE_COMMENT_LEVEL,BOARD_FREE_COMMENT_WRITER,BOARD_FREE_COMMENT_CONTENT,BOARD_FREE_REF,BOARD_FREE_COMMENT_REF,BOARD_FREE_COMMENT_DATE) values (5,1,'yeon','ㅇㅎㅎ',10,null,to_date('18/05/14','RR/MM/DD'));
Insert into DLEAGUE.BOARD_FREE_COMMENT (BOARD_FREE_COMMENT_NO,BOARD_FREE_COMMENT_LEVEL,BOARD_FREE_COMMENT_WRITER,BOARD_FREE_COMMENT_CONTENT,BOARD_FREE_REF,BOARD_FREE_COMMENT_REF,BOARD_FREE_COMMENT_DATE) values (9,1,'admin','asd',14,null,to_date('18/05/18','RR/MM/DD'));
Insert into DLEAGUE.BOARD_FREE_COMMENT (BOARD_FREE_COMMENT_NO,BOARD_FREE_COMMENT_LEVEL,BOARD_FREE_COMMENT_WRITER,BOARD_FREE_COMMENT_CONTENT,BOARD_FREE_REF,BOARD_FREE_COMMENT_REF,BOARD_FREE_COMMENT_DATE) values (10,2,'admin','gd',14,8,to_date('18/05/18','RR/MM/DD'));
Insert into DLEAGUE.BOARD_FREE_COMMENT (BOARD_FREE_COMMENT_NO,BOARD_FREE_COMMENT_LEVEL,BOARD_FREE_COMMENT_WRITER,BOARD_FREE_COMMENT_CONTENT,BOARD_FREE_REF,BOARD_FREE_COMMENT_REF,BOARD_FREE_COMMENT_DATE) values (8,1,'admin','asd',14,null,to_date('18/05/18','RR/MM/DD'));
REM INSERTING into DLEAGUE.BOARD_REGION
SET DEFINE OFF;
Insert into DLEAGUE.BOARD_REGION (BOARD_REGION_NO,BOARD_REGION_TITLE,BOARD_REGION_WRITER,BOARD_REGIONCODE,BOARD_REGION_DATE,ORIGINAL_FILE_NAME,RENAMED_FILE_NAME,STATUS,COUNT) values (71,'zgg','test5','G1',to_date('18/05/13','RR/MM/DD'),null,null,'Y',2);
Insert into DLEAGUE.BOARD_REGION (BOARD_REGION_NO,BOARD_REGION_TITLE,BOARD_REGION_WRITER,BOARD_REGIONCODE,BOARD_REGION_DATE,ORIGINAL_FILE_NAME,RENAMED_FILE_NAME,STATUS,COUNT) values (72,'gg','test5','G1',to_date('18/05/13','RR/MM/DD'),null,null,'Y',3);
Insert into DLEAGUE.BOARD_REGION (BOARD_REGION_NO,BOARD_REGION_TITLE,BOARD_REGION_WRITER,BOARD_REGIONCODE,BOARD_REGION_DATE,ORIGINAL_FILE_NAME,RENAMED_FILE_NAME,STATUS,COUNT) values (73,'gdd','yeon','G1',to_date('18/05/13','RR/MM/DD'),null,null,'N',4);
Insert into DLEAGUE.BOARD_REGION (BOARD_REGION_NO,BOARD_REGION_TITLE,BOARD_REGION_WRITER,BOARD_REGIONCODE,BOARD_REGION_DATE,ORIGINAL_FILE_NAME,RENAMED_FILE_NAME,STATUS,COUNT) values (78,'sgesggegeesge','test10','G1',to_date('18/05/20','RR/MM/DD'),null,null,'N',1);
Insert into DLEAGUE.BOARD_REGION (BOARD_REGION_NO,BOARD_REGION_TITLE,BOARD_REGION_WRITER,BOARD_REGIONCODE,BOARD_REGION_DATE,ORIGINAL_FILE_NAME,RENAMED_FILE_NAME,STATUS,COUNT) values (87,'zsdg','yeon','G1',to_date('18/05/20','RR/MM/DD'),null,null,'Y',0);
Insert into DLEAGUE.BOARD_REGION (BOARD_REGION_NO,BOARD_REGION_TITLE,BOARD_REGION_WRITER,BOARD_REGIONCODE,BOARD_REGION_DATE,ORIGINAL_FILE_NAME,RENAMED_FILE_NAME,STATUS,COUNT) values (70,'ㄶㅎ','yeon','G1',to_date('18/05/11','RR/MM/DD'),null,null,'Y',2);
Insert into DLEAGUE.BOARD_REGION (BOARD_REGION_NO,BOARD_REGION_TITLE,BOARD_REGION_WRITER,BOARD_REGIONCODE,BOARD_REGION_DATE,ORIGINAL_FILE_NAME,RENAMED_FILE_NAME,STATUS,COUNT) values (74,'서울서울','admin','G1',to_date('18/05/15','RR/MM/DD'),'익스포트.sql','20185715_005702198_792.sql','Y',13);
Insert into DLEAGUE.BOARD_REGION (BOARD_REGION_NO,BOARD_REGION_TITLE,BOARD_REGION_WRITER,BOARD_REGIONCODE,BOARD_REGION_DATE,ORIGINAL_FILE_NAME,RENAMED_FILE_NAME,STATUS,COUNT) values (75,'set','test1','G2',to_date('18/05/17','RR/MM/DD'),null,null,'Y',1);
Insert into DLEAGUE.BOARD_REGION (BOARD_REGION_NO,BOARD_REGION_TITLE,BOARD_REGION_WRITER,BOARD_REGIONCODE,BOARD_REGION_DATE,ORIGINAL_FILE_NAME,RENAMED_FILE_NAME,STATUS,COUNT) values (82,'sxsax','test5','G1',to_date('18/05/20','RR/MM/DD'),null,null,'Y',0);
Insert into DLEAGUE.BOARD_REGION (BOARD_REGION_NO,BOARD_REGION_TITLE,BOARD_REGION_WRITER,BOARD_REGIONCODE,BOARD_REGION_DATE,ORIGINAL_FILE_NAME,RENAMED_FILE_NAME,STATUS,COUNT) values (83,'awgwe','yeon','G1',to_date('18/05/20','RR/MM/DD'),null,null,'Y',0);
Insert into DLEAGUE.BOARD_REGION (BOARD_REGION_NO,BOARD_REGION_TITLE,BOARD_REGION_WRITER,BOARD_REGIONCODE,BOARD_REGION_DATE,ORIGINAL_FILE_NAME,RENAMED_FILE_NAME,STATUS,COUNT) values (84,'weg','yeon','G1',to_date('18/05/20','RR/MM/DD'),null,null,'Y',0);
Insert into DLEAGUE.BOARD_REGION (BOARD_REGION_NO,BOARD_REGION_TITLE,BOARD_REGION_WRITER,BOARD_REGIONCODE,BOARD_REGION_DATE,ORIGINAL_FILE_NAME,RENAMED_FILE_NAME,STATUS,COUNT) values (85,'wega','yeon','G1',to_date('18/05/20','RR/MM/DD'),null,null,'Y',0);
Insert into DLEAGUE.BOARD_REGION (BOARD_REGION_NO,BOARD_REGION_TITLE,BOARD_REGION_WRITER,BOARD_REGIONCODE,BOARD_REGION_DATE,ORIGINAL_FILE_NAME,RENAMED_FILE_NAME,STATUS,COUNT) values (76,'안녕안녕','yeon','G1',to_date('18/05/18','RR/MM/DD'),null,null,'Y',8);
Insert into DLEAGUE.BOARD_REGION (BOARD_REGION_NO,BOARD_REGION_TITLE,BOARD_REGION_WRITER,BOARD_REGIONCODE,BOARD_REGION_DATE,ORIGINAL_FILE_NAME,RENAMED_FILE_NAME,STATUS,COUNT) values (77,'sef','admin','G1',to_date('18/05/19','RR/MM/DD'),'Notice.png','20180319_100304134_110.png','Y',5);
Insert into DLEAGUE.BOARD_REGION (BOARD_REGION_NO,BOARD_REGION_TITLE,BOARD_REGION_WRITER,BOARD_REGIONCODE,BOARD_REGION_DATE,ORIGINAL_FILE_NAME,RENAMED_FILE_NAME,STATUS,COUNT) values (79,'dasdasd','member4','G1',to_date('18/05/20','RR/MM/DD'),null,null,'Y',1);
Insert into DLEAGUE.BOARD_REGION (BOARD_REGION_NO,BOARD_REGION_TITLE,BOARD_REGION_WRITER,BOARD_REGIONCODE,BOARD_REGION_DATE,ORIGINAL_FILE_NAME,RENAMED_FILE_NAME,STATUS,COUNT) values (80,'안녕','member4','G1',to_date('18/05/20','RR/MM/DD'),null,null,'Y',1);
Insert into DLEAGUE.BOARD_REGION (BOARD_REGION_NO,BOARD_REGION_TITLE,BOARD_REGION_WRITER,BOARD_REGIONCODE,BOARD_REGION_DATE,ORIGINAL_FILE_NAME,RENAMED_FILE_NAME,STATUS,COUNT) values (81,'sadsa','test5','G1',to_date('18/05/20','RR/MM/DD'),null,null,'Y',0);
Insert into DLEAGUE.BOARD_REGION (BOARD_REGION_NO,BOARD_REGION_TITLE,BOARD_REGION_WRITER,BOARD_REGIONCODE,BOARD_REGION_DATE,ORIGINAL_FILE_NAME,RENAMED_FILE_NAME,STATUS,COUNT) values (89,'zg','yeon','G1',to_date('18/05/20','RR/MM/DD'),null,null,'Y',1);
Insert into DLEAGUE.BOARD_REGION (BOARD_REGION_NO,BOARD_REGION_TITLE,BOARD_REGION_WRITER,BOARD_REGIONCODE,BOARD_REGION_DATE,ORIGINAL_FILE_NAME,RENAMED_FILE_NAME,STATUS,COUNT) values (86,'등록등록','yeon','G1',to_date('18/05/20','RR/MM/DD'),null,null,'Y',0);
Insert into DLEAGUE.BOARD_REGION (BOARD_REGION_NO,BOARD_REGION_TITLE,BOARD_REGION_WRITER,BOARD_REGIONCODE,BOARD_REGION_DATE,ORIGINAL_FILE_NAME,RENAMED_FILE_NAME,STATUS,COUNT) values (88,'wegwgaewg','yeon','G1',to_date('18/05/20','RR/MM/DD'),null,null,'Y',0);
REM INSERTING into DLEAGUE.BOARD_REGION_COMMENT
SET DEFINE OFF;
Insert into DLEAGUE.BOARD_REGION_COMMENT (BOARD_REGION_COMMENT_NO,BOARD_REGION_COMMENT_LEVEL,BOARD_REGION_COMMENT_WRITER,BOARD_REGION_COMMENT_CONTENT,BOARD_REGION_REF,BOARD_REGION_COMMENT_REF,BOARD_REGION_COMMENT_DATE) values (69,1,'yeon','ye',70,null,to_date('18/05/13','RR/MM/DD'));
Insert into DLEAGUE.BOARD_REGION_COMMENT (BOARD_REGION_COMMENT_NO,BOARD_REGION_COMMENT_LEVEL,BOARD_REGION_COMMENT_WRITER,BOARD_REGION_COMMENT_CONTENT,BOARD_REGION_REF,BOARD_REGION_COMMENT_REF,BOARD_REGION_COMMENT_DATE) values (70,1,'yeon','zz',70,null,to_date('18/05/13','RR/MM/DD'));
Insert into DLEAGUE.BOARD_REGION_COMMENT (BOARD_REGION_COMMENT_NO,BOARD_REGION_COMMENT_LEVEL,BOARD_REGION_COMMENT_WRITER,BOARD_REGION_COMMENT_CONTENT,BOARD_REGION_REF,BOARD_REGION_COMMENT_REF,BOARD_REGION_COMMENT_DATE) values (71,2,'yeon','gg',70,69,to_date('18/05/13','RR/MM/DD'));
Insert into DLEAGUE.BOARD_REGION_COMMENT (BOARD_REGION_COMMENT_NO,BOARD_REGION_COMMENT_LEVEL,BOARD_REGION_COMMENT_WRITER,BOARD_REGION_COMMENT_CONTENT,BOARD_REGION_REF,BOARD_REGION_COMMENT_REF,BOARD_REGION_COMMENT_DATE) values (72,1,'admin','ㄶㄷ',73,null,to_date('18/05/14','RR/MM/DD'));
Insert into DLEAGUE.BOARD_REGION_COMMENT (BOARD_REGION_COMMENT_NO,BOARD_REGION_COMMENT_LEVEL,BOARD_REGION_COMMENT_WRITER,BOARD_REGION_COMMENT_CONTENT,BOARD_REGION_REF,BOARD_REGION_COMMENT_REF,BOARD_REGION_COMMENT_DATE) values (73,1,'admin','ㅎㅎㄷ',73,null,to_date('18/05/14','RR/MM/DD'));
Insert into DLEAGUE.BOARD_REGION_COMMENT (BOARD_REGION_COMMENT_NO,BOARD_REGION_COMMENT_LEVEL,BOARD_REGION_COMMENT_WRITER,BOARD_REGION_COMMENT_CONTENT,BOARD_REGION_REF,BOARD_REGION_COMMENT_REF,BOARD_REGION_COMMENT_DATE) values (80,1,'admin','asdasdasd',76,null,to_date('18/05/18','RR/MM/DD'));
Insert into DLEAGUE.BOARD_REGION_COMMENT (BOARD_REGION_COMMENT_NO,BOARD_REGION_COMMENT_LEVEL,BOARD_REGION_COMMENT_WRITER,BOARD_REGION_COMMENT_CONTENT,BOARD_REGION_REF,BOARD_REGION_COMMENT_REF,BOARD_REGION_COMMENT_DATE) values (93,1,'admin','asdasdasd',76,null,to_date('18/05/18','RR/MM/DD'));
Insert into DLEAGUE.BOARD_REGION_COMMENT (BOARD_REGION_COMMENT_NO,BOARD_REGION_COMMENT_LEVEL,BOARD_REGION_COMMENT_WRITER,BOARD_REGION_COMMENT_CONTENT,BOARD_REGION_REF,BOARD_REGION_COMMENT_REF,BOARD_REGION_COMMENT_DATE) values (94,1,'admin','asdasdasd',76,null,to_date('18/05/18','RR/MM/DD'));
Insert into DLEAGUE.BOARD_REGION_COMMENT (BOARD_REGION_COMMENT_NO,BOARD_REGION_COMMENT_LEVEL,BOARD_REGION_COMMENT_WRITER,BOARD_REGION_COMMENT_CONTENT,BOARD_REGION_REF,BOARD_REGION_COMMENT_REF,BOARD_REGION_COMMENT_DATE) values (98,1,'test10','안녕?',77,null,to_date('18/05/20','RR/MM/DD'));
Insert into DLEAGUE.BOARD_REGION_COMMENT (BOARD_REGION_COMMENT_NO,BOARD_REGION_COMMENT_LEVEL,BOARD_REGION_COMMENT_WRITER,BOARD_REGION_COMMENT_CONTENT,BOARD_REGION_REF,BOARD_REGION_COMMENT_REF,BOARD_REGION_COMMENT_DATE) values (77,2,'admin','asd',76,74,to_date('18/05/18','RR/MM/DD'));
Insert into DLEAGUE.BOARD_REGION_COMMENT (BOARD_REGION_COMMENT_NO,BOARD_REGION_COMMENT_LEVEL,BOARD_REGION_COMMENT_WRITER,BOARD_REGION_COMMENT_CONTENT,BOARD_REGION_REF,BOARD_REGION_COMMENT_REF,BOARD_REGION_COMMENT_DATE) values (78,2,'admin','asd',76,74,to_date('18/05/18','RR/MM/DD'));
Insert into DLEAGUE.BOARD_REGION_COMMENT (BOARD_REGION_COMMENT_NO,BOARD_REGION_COMMENT_LEVEL,BOARD_REGION_COMMENT_WRITER,BOARD_REGION_COMMENT_CONTENT,BOARD_REGION_REF,BOARD_REGION_COMMENT_REF,BOARD_REGION_COMMENT_DATE) values (79,2,'admin','asd',76,74,to_date('18/05/18','RR/MM/DD'));
Insert into DLEAGUE.BOARD_REGION_COMMENT (BOARD_REGION_COMMENT_NO,BOARD_REGION_COMMENT_LEVEL,BOARD_REGION_COMMENT_WRITER,BOARD_REGION_COMMENT_CONTENT,BOARD_REGION_REF,BOARD_REGION_COMMENT_REF,BOARD_REGION_COMMENT_DATE) values (74,1,'admin','sd',76,null,to_date('18/05/18','RR/MM/DD'));
Insert into DLEAGUE.BOARD_REGION_COMMENT (BOARD_REGION_COMMENT_NO,BOARD_REGION_COMMENT_LEVEL,BOARD_REGION_COMMENT_WRITER,BOARD_REGION_COMMENT_CONTENT,BOARD_REGION_REF,BOARD_REGION_COMMENT_REF,BOARD_REGION_COMMENT_DATE) values (75,1,'admin','sd',74,null,to_date('18/05/18','RR/MM/DD'));
Insert into DLEAGUE.BOARD_REGION_COMMENT (BOARD_REGION_COMMENT_NO,BOARD_REGION_COMMENT_LEVEL,BOARD_REGION_COMMENT_WRITER,BOARD_REGION_COMMENT_CONTENT,BOARD_REGION_REF,BOARD_REGION_COMMENT_REF,BOARD_REGION_COMMENT_DATE) values (76,2,'admin','sd',74,75,to_date('18/05/18','RR/MM/DD'));
Insert into DLEAGUE.BOARD_REGION_COMMENT (BOARD_REGION_COMMENT_NO,BOARD_REGION_COMMENT_LEVEL,BOARD_REGION_COMMENT_WRITER,BOARD_REGION_COMMENT_CONTENT,BOARD_REGION_REF,BOARD_REGION_COMMENT_REF,BOARD_REGION_COMMENT_DATE) values (81,1,'admin','asdasdasd',76,null,to_date('18/05/18','RR/MM/DD'));
Insert into DLEAGUE.BOARD_REGION_COMMENT (BOARD_REGION_COMMENT_NO,BOARD_REGION_COMMENT_LEVEL,BOARD_REGION_COMMENT_WRITER,BOARD_REGION_COMMENT_CONTENT,BOARD_REGION_REF,BOARD_REGION_COMMENT_REF,BOARD_REGION_COMMENT_DATE) values (82,1,'admin','asdasdasd',76,null,to_date('18/05/18','RR/MM/DD'));
Insert into DLEAGUE.BOARD_REGION_COMMENT (BOARD_REGION_COMMENT_NO,BOARD_REGION_COMMENT_LEVEL,BOARD_REGION_COMMENT_WRITER,BOARD_REGION_COMMENT_CONTENT,BOARD_REGION_REF,BOARD_REGION_COMMENT_REF,BOARD_REGION_COMMENT_DATE) values (83,1,'admin','asdasdasd',76,null,to_date('18/05/18','RR/MM/DD'));
Insert into DLEAGUE.BOARD_REGION_COMMENT (BOARD_REGION_COMMENT_NO,BOARD_REGION_COMMENT_LEVEL,BOARD_REGION_COMMENT_WRITER,BOARD_REGION_COMMENT_CONTENT,BOARD_REGION_REF,BOARD_REGION_COMMENT_REF,BOARD_REGION_COMMENT_DATE) values (84,1,'admin','asdasdasd',76,null,to_date('18/05/18','RR/MM/DD'));
Insert into DLEAGUE.BOARD_REGION_COMMENT (BOARD_REGION_COMMENT_NO,BOARD_REGION_COMMENT_LEVEL,BOARD_REGION_COMMENT_WRITER,BOARD_REGION_COMMENT_CONTENT,BOARD_REGION_REF,BOARD_REGION_COMMENT_REF,BOARD_REGION_COMMENT_DATE) values (85,1,'admin','asdasdasd',76,null,to_date('18/05/18','RR/MM/DD'));
Insert into DLEAGUE.BOARD_REGION_COMMENT (BOARD_REGION_COMMENT_NO,BOARD_REGION_COMMENT_LEVEL,BOARD_REGION_COMMENT_WRITER,BOARD_REGION_COMMENT_CONTENT,BOARD_REGION_REF,BOARD_REGION_COMMENT_REF,BOARD_REGION_COMMENT_DATE) values (86,1,'admin','asdasdasd',76,null,to_date('18/05/18','RR/MM/DD'));
Insert into DLEAGUE.BOARD_REGION_COMMENT (BOARD_REGION_COMMENT_NO,BOARD_REGION_COMMENT_LEVEL,BOARD_REGION_COMMENT_WRITER,BOARD_REGION_COMMENT_CONTENT,BOARD_REGION_REF,BOARD_REGION_COMMENT_REF,BOARD_REGION_COMMENT_DATE) values (87,1,'admin','asdasdasd',76,null,to_date('18/05/18','RR/MM/DD'));
Insert into DLEAGUE.BOARD_REGION_COMMENT (BOARD_REGION_COMMENT_NO,BOARD_REGION_COMMENT_LEVEL,BOARD_REGION_COMMENT_WRITER,BOARD_REGION_COMMENT_CONTENT,BOARD_REGION_REF,BOARD_REGION_COMMENT_REF,BOARD_REGION_COMMENT_DATE) values (88,1,'admin','asdasdasd',76,null,to_date('18/05/18','RR/MM/DD'));
Insert into DLEAGUE.BOARD_REGION_COMMENT (BOARD_REGION_COMMENT_NO,BOARD_REGION_COMMENT_LEVEL,BOARD_REGION_COMMENT_WRITER,BOARD_REGION_COMMENT_CONTENT,BOARD_REGION_REF,BOARD_REGION_COMMENT_REF,BOARD_REGION_COMMENT_DATE) values (89,1,'admin','asdasdasd',76,null,to_date('18/05/18','RR/MM/DD'));
Insert into DLEAGUE.BOARD_REGION_COMMENT (BOARD_REGION_COMMENT_NO,BOARD_REGION_COMMENT_LEVEL,BOARD_REGION_COMMENT_WRITER,BOARD_REGION_COMMENT_CONTENT,BOARD_REGION_REF,BOARD_REGION_COMMENT_REF,BOARD_REGION_COMMENT_DATE) values (90,1,'admin','asdasdasd',76,null,to_date('18/05/18','RR/MM/DD'));
Insert into DLEAGUE.BOARD_REGION_COMMENT (BOARD_REGION_COMMENT_NO,BOARD_REGION_COMMENT_LEVEL,BOARD_REGION_COMMENT_WRITER,BOARD_REGION_COMMENT_CONTENT,BOARD_REGION_REF,BOARD_REGION_COMMENT_REF,BOARD_REGION_COMMENT_DATE) values (91,1,'admin','asdasdasd',76,null,to_date('18/05/18','RR/MM/DD'));
Insert into DLEAGUE.BOARD_REGION_COMMENT (BOARD_REGION_COMMENT_NO,BOARD_REGION_COMMENT_LEVEL,BOARD_REGION_COMMENT_WRITER,BOARD_REGION_COMMENT_CONTENT,BOARD_REGION_REF,BOARD_REGION_COMMENT_REF,BOARD_REGION_COMMENT_DATE) values (92,1,'admin','asdasdasd',76,null,to_date('18/05/18','RR/MM/DD'));
Insert into DLEAGUE.BOARD_REGION_COMMENT (BOARD_REGION_COMMENT_NO,BOARD_REGION_COMMENT_LEVEL,BOARD_REGION_COMMENT_WRITER,BOARD_REGION_COMMENT_CONTENT,BOARD_REGION_REF,BOARD_REGION_COMMENT_REF,BOARD_REGION_COMMENT_DATE) values (95,1,'admin','asdasdasd',76,null,to_date('18/05/18','RR/MM/DD'));
Insert into DLEAGUE.BOARD_REGION_COMMENT (BOARD_REGION_COMMENT_NO,BOARD_REGION_COMMENT_LEVEL,BOARD_REGION_COMMENT_WRITER,BOARD_REGION_COMMENT_CONTENT,BOARD_REGION_REF,BOARD_REGION_COMMENT_REF,BOARD_REGION_COMMENT_DATE) values (96,1,'admin','asdasdasd',76,null,to_date('18/05/18','RR/MM/DD'));
Insert into DLEAGUE.BOARD_REGION_COMMENT (BOARD_REGION_COMMENT_NO,BOARD_REGION_COMMENT_LEVEL,BOARD_REGION_COMMENT_WRITER,BOARD_REGION_COMMENT_CONTENT,BOARD_REGION_REF,BOARD_REGION_COMMENT_REF,BOARD_REGION_COMMENT_DATE) values (97,1,'admin','도ㅒㅆ다!!!!',76,null,to_date('18/05/18','RR/MM/DD'));
REM INSERTING into DLEAGUE.COMPLAIN
SET DEFINE OFF;
Insert into DLEAGUE.COMPLAIN (COMPLAIN_NO,COMPLAIN_TITLE,COMPLAIN_WRITER,COMPLAIN_DATE,C_USERID,C_TEAMNAME,COMPLAIN_TYPE,RESULT,RESULT_DATE) values (10,'신고글입니다','yeon',to_date('18/05/15','RR/MM/DD'),'admin',null,'c_userid','처리',to_date('18/05/16','RR/MM/DD'));
Insert into DLEAGUE.COMPLAIN (COMPLAIN_NO,COMPLAIN_TITLE,COMPLAIN_WRITER,COMPLAIN_DATE,C_USERID,C_TEAMNAME,COMPLAIN_TYPE,RESULT,RESULT_DATE) values (11,'신고신고','yeon',to_date('18/05/15','RR/MM/DD'),null,'투톱체제','c_teamname','탈퇴처리했습니다',to_date('18/05/15','RR/MM/DD'));
Insert into DLEAGUE.COMPLAIN (COMPLAIN_NO,COMPLAIN_TITLE,COMPLAIN_WRITER,COMPLAIN_DATE,C_USERID,C_TEAMNAME,COMPLAIN_TYPE,RESULT,RESULT_DATE) values (15,'신고합니다','yeon',to_date('18/05/15','RR/MM/DD'),'test5',null,'c_userid','처리했음',to_date('18/05/16','RR/MM/DD'));
Insert into DLEAGUE.COMPLAIN (COMPLAIN_NO,COMPLAIN_TITLE,COMPLAIN_WRITER,COMPLAIN_DATE,C_USERID,C_TEAMNAME,COMPLAIN_TYPE,RESULT,RESULT_DATE) values (33,'신고합니다','yeon',to_date('18/05/20','RR/MM/DD'),'test5',null,'c_userid','처리되었습니다',to_date('18/05/20','RR/MM/DD'));
Insert into DLEAGUE.COMPLAIN (COMPLAIN_NO,COMPLAIN_TITLE,COMPLAIN_WRITER,COMPLAIN_DATE,C_USERID,C_TEAMNAME,COMPLAIN_TYPE,RESULT,RESULT_DATE) values (26,'이연경을 신고합니다','admin',to_date('18/05/18','RR/MM/DD'),'yeon',null,'c_userid',null,null);
Insert into DLEAGUE.COMPLAIN (COMPLAIN_NO,COMPLAIN_TITLE,COMPLAIN_WRITER,COMPLAIN_DATE,C_USERID,C_TEAMNAME,COMPLAIN_TYPE,RESULT,RESULT_DATE) values (30,'경연이를 신고합니다','member4',to_date('18/05/20','RR/MM/DD'),'yeon',null,'c_userid',null,null);
Insert into DLEAGUE.COMPLAIN (COMPLAIN_NO,COMPLAIN_TITLE,COMPLAIN_WRITER,COMPLAIN_DATE,C_USERID,C_TEAMNAME,COMPLAIN_TYPE,RESULT,RESULT_DATE) values (7,'으아아아','yeon',to_date('18/05/15','RR/MM/DD'),'admin',null,'c_userid','네',to_date('18/05/16','RR/MM/DD'));
Insert into DLEAGUE.COMPLAIN (COMPLAIN_NO,COMPLAIN_TITLE,COMPLAIN_WRITER,COMPLAIN_DATE,C_USERID,C_TEAMNAME,COMPLAIN_TYPE,RESULT,RESULT_DATE) values (16,'신고','yeon',to_date('18/05/16','RR/MM/DD'),'test6',null,'c_userid','처리했슴다',to_date('18/05/16','RR/MM/DD'));
Insert into DLEAGUE.COMPLAIN (COMPLAIN_NO,COMPLAIN_TITLE,COMPLAIN_WRITER,COMPLAIN_DATE,C_USERID,C_TEAMNAME,COMPLAIN_TYPE,RESULT,RESULT_DATE) values (17,'zg','yeon',to_date('18/05/16','RR/MM/DD'),'test8',null,'c_userid','처리처리',to_date('18/05/16','RR/MM/DD'));
Insert into DLEAGUE.COMPLAIN (COMPLAIN_NO,COMPLAIN_TITLE,COMPLAIN_WRITER,COMPLAIN_DATE,C_USERID,C_TEAMNAME,COMPLAIN_TYPE,RESULT,RESULT_DATE) values (28,'신고','yeon',to_date('18/05/19','RR/MM/DD'),'test4',null,'c_userid',null,null);
Insert into DLEAGUE.COMPLAIN (COMPLAIN_NO,COMPLAIN_TITLE,COMPLAIN_WRITER,COMPLAIN_DATE,C_USERID,C_TEAMNAME,COMPLAIN_TYPE,RESULT,RESULT_DATE) values (31,'wgewg','yeon',to_date('18/05/20','RR/MM/DD'),'test2',null,'c_userid',null,null);
Insert into DLEAGUE.COMPLAIN (COMPLAIN_NO,COMPLAIN_TITLE,COMPLAIN_WRITER,COMPLAIN_DATE,C_USERID,C_TEAMNAME,COMPLAIN_TYPE,RESULT,RESULT_DATE) values (23,'배성인','test3',to_date('18/05/18','RR/MM/DD'),'test1',null,'c_userid','asd',to_date('18/05/18','RR/MM/DD'));
Insert into DLEAGUE.COMPLAIN (COMPLAIN_NO,COMPLAIN_TITLE,COMPLAIN_WRITER,COMPLAIN_DATE,C_USERID,C_TEAMNAME,COMPLAIN_TYPE,RESULT,RESULT_DATE) values (27,'이연경을 신고합니다','admin',to_date('18/05/18','RR/MM/DD'),'yeon',null,'c_userid','ㅂㅈㄷ',to_date('18/05/18','RR/MM/DD'));
Insert into DLEAGUE.COMPLAIN (COMPLAIN_NO,COMPLAIN_TITLE,COMPLAIN_WRITER,COMPLAIN_DATE,C_USERID,C_TEAMNAME,COMPLAIN_TYPE,RESULT,RESULT_DATE) values (34,'sadsa','member4',to_date('18/05/20','RR/MM/DD'),'member5',null,'c_userid',null,null);
REM INSERTING into DLEAGUE.GAME
SET DEFINE OFF;
Insert into DLEAGUE.GAME (GAME_NO,HOME,AWAY,GAMEDATE,GAME_REG_DATE,PLACE,START_TIME,STATUS) values (6,'testTeam1','testTeam5',to_date('18/05/21','RR/MM/DD'),to_date('18/05/17','RR/MM/DD'),'경기도 안산시 단원구 광덕동로 25#105동 1604호#126.8319882#37.3068984','04:30','Y');
Insert into DLEAGUE.GAME (GAME_NO,HOME,AWAY,GAMEDATE,GAME_REG_DATE,PLACE,START_TIME,STATUS) values (8,'testTeam5','testTeam1',to_date('18/05/09','RR/MM/DD'),to_date('18/05/17','RR/MM/DD'),'경기도 이천시 백사면 청백리로 853##127.5050345#37.3373083','23:10','Y');
Insert into DLEAGUE.GAME (GAME_NO,HOME,AWAY,GAMEDATE,GAME_REG_DATE,PLACE,START_TIME,STATUS) values (13,'testTeam2','testTeam1',to_date('18/05/18','RR/MM/DD'),to_date('18/05/18','RR/MM/DD'),'경기도 이천시 백사면 이여로 256-17##126.8319882#37.3068984','12:00','N');
Insert into DLEAGUE.GAME (GAME_NO,HOME,AWAY,GAMEDATE,GAME_REG_DATE,PLACE,START_TIME,STATUS) values (15,'testTeam3','testTeam1',to_date('18/05/23','RR/MM/DD'),to_date('18/05/18','RR/MM/DD'),'서울특별시 동대문구 이문로 53#학원#127.0571232#37.5921904','15:30','N');
Insert into DLEAGUE.GAME (GAME_NO,HOME,AWAY,GAMEDATE,GAME_REG_DATE,PLACE,START_TIME,STATUS) values (14,'testTeam3','testTeam1',to_date('18/05/18','RR/MM/DD'),to_date('18/05/18','RR/MM/DD'),'경기도 이천시 백사면 이여로 254##127.4700573#37.3197009','12:20','Y');
Insert into DLEAGUE.GAME (GAME_NO,HOME,AWAY,GAMEDATE,GAME_REG_DATE,PLACE,START_TIME,STATUS) values (18,'testTeam7','testTeam6',to_date('18/05/23','RR/MM/DD'),to_date('18/05/20','RR/MM/DD'),'서울특별시 서초구 양재대로 13#ㅁㄹ#127.0211471#37.4607567','00:10',null);
Insert into DLEAGUE.GAME (GAME_NO,HOME,AWAY,GAMEDATE,GAME_REG_DATE,PLACE,START_TIME,STATUS) values (19,'testTeam5',null,to_date('18/05/21','RR/MM/DD'),to_date('18/05/20','RR/MM/DD'),'서울특별시 종로구 대학로 지하 120##126.8319882#37.3068984','15:05',null);
Insert into DLEAGUE.GAME (GAME_NO,HOME,AWAY,GAMEDATE,GAME_REG_DATE,PLACE,START_TIME,STATUS) values (11,'testTeam3','testTeam1',to_date('18/05/18','RR/MM/DD'),to_date('18/05/18','RR/MM/DD'),'경기도 이천시 백사면 청백리로911번길 3##127.499477#37.3395732','10:30','Y');
Insert into DLEAGUE.GAME (GAME_NO,HOME,AWAY,GAMEDATE,GAME_REG_DATE,PLACE,START_TIME,STATUS) values (12,'testTeam1','testTeam2',to_date('18/05/23','RR/MM/DD'),to_date('18/05/18','RR/MM/DD'),'경기도 안산시 단원구 광덕동로 25#105동 1604호#126.8319882#37.3068984','10:50','Y');
Insert into DLEAGUE.GAME (GAME_NO,HOME,AWAY,GAMEDATE,GAME_REG_DATE,PLACE,START_TIME,STATUS) values (9,'testTeam3','testTeam1',to_date('18/05/18','RR/MM/DD'),to_date('18/05/18','RR/MM/DD'),'강원도 강릉시 가작로 78##128.8843677#37.7678054','02:30','Y');
Insert into DLEAGUE.GAME (GAME_NO,HOME,AWAY,GAMEDATE,GAME_REG_DATE,PLACE,START_TIME,STATUS) values (16,'testTeam3',null,to_date('18/05/18','RR/MM/DD'),to_date('18/05/18','RR/MM/DD'),'경기도 의왕시 청백리로 38##126.9746401#37.3463021','14:20',null);
Insert into DLEAGUE.GAME (GAME_NO,HOME,AWAY,GAMEDATE,GAME_REG_DATE,PLACE,START_TIME,STATUS) values (17,'testTeam10',null,to_date('18/05/16','RR/MM/DD'),to_date('18/05/19','RR/MM/DD'),'서울특별시 서초구 양재대로 15#아트홀#127.0213225#37.4606708','23:25',null);
Insert into DLEAGUE.GAME (GAME_NO,HOME,AWAY,GAMEDATE,GAME_REG_DATE,PLACE,START_TIME,STATUS) values (20,'testTeam1','삼성라이온즈',to_date('18/05/20','RR/MM/DD'),to_date('18/05/20','RR/MM/DD'),'경기도 안산시 단원구 광덕동로 25#105동 1604호#126.8319882#37.3068984','14:30','Y');
Insert into DLEAGUE.GAME (GAME_NO,HOME,AWAY,GAMEDATE,GAME_REG_DATE,PLACE,START_TIME,STATUS) values (3,'testTeam3','testTeam5',to_date('18/05/20','RR/MM/DD'),to_date('18/05/16','RR/MM/DD'),'경기도 이천시 증신로291번길 155##127.4312638#37.2964912','11:05','Y');
Insert into DLEAGUE.GAME (GAME_NO,HOME,AWAY,GAMEDATE,GAME_REG_DATE,PLACE,START_TIME,STATUS) values (10,'testTeam1','testTeam3',to_date('18/05/18','RR/MM/DD'),to_date('18/05/18','RR/MM/DD'),'경기도 이천시 백사면 청백리로 853##127.5050345#37.3373083','10:05','Y');
REM INSERTING into DLEAGUE.MEMBER_REGISTER
SET DEFINE OFF;
REM INSERTING into DLEAGUE.NOTICE
SET DEFINE OFF;
Insert into DLEAGUE.NOTICE (NOTICE_NO,NOTICE_TITLE,NOTICE_WRITER,NOTICE_CONTENT,NOTICE_DATE,ORIGINAL_FILE_NAME,RENAMED_FILE_NAME,STATUS) values (8,'공지','admin','안녕???',to_date('18/05/15','RR/MM/DD'),null,null,'Y');
Insert into DLEAGUE.NOTICE (NOTICE_NO,NOTICE_TITLE,NOTICE_WRITER,NOTICE_CONTENT,NOTICE_DATE,ORIGINAL_FILE_NAME,RENAMED_FILE_NAME,STATUS) values (11,'새로운 공지사항입니다','admin','안녕하세요',to_date('18/05/19','RR/MM/DD'),'Notice.png','20184419_224459891_951.png','Y');
Insert into DLEAGUE.NOTICE (NOTICE_NO,NOTICE_TITLE,NOTICE_WRITER,NOTICE_CONTENT,NOTICE_DATE,ORIGINAL_FILE_NAME,RENAMED_FILE_NAME,STATUS) values (10,'gg','admin','zgdf',to_date('18/05/15','RR/MM/DD'),'fileImage.png','20185118_125124413_62.png','N');
Insert into DLEAGUE.NOTICE (NOTICE_NO,NOTICE_TITLE,NOTICE_WRITER,NOTICE_CONTENT,NOTICE_DATE,ORIGINAL_FILE_NAME,RENAMED_FILE_NAME,STATUS) values (9,'zg','admin','d',to_date('18/05/15','RR/MM/DD'),'fileImage.png','20184419_094434220_163.png','Y');
Insert into DLEAGUE.NOTICE (NOTICE_NO,NOTICE_TITLE,NOTICE_WRITER,NOTICE_CONTENT,NOTICE_DATE,ORIGINAL_FILE_NAME,RENAMED_FILE_NAME,STATUS) values (1,'공지1','admin','공지공지1',to_date('18/05/14','RR/MM/DD'),null,null,'Y');
Insert into DLEAGUE.NOTICE (NOTICE_NO,NOTICE_TITLE,NOTICE_WRITER,NOTICE_CONTENT,NOTICE_DATE,ORIGINAL_FILE_NAME,RENAMED_FILE_NAME,STATUS) values (2,'공지2','admin','공지공지2',to_date('18/05/14','RR/MM/DD'),null,null,'Y');
Insert into DLEAGUE.NOTICE (NOTICE_NO,NOTICE_TITLE,NOTICE_WRITER,NOTICE_CONTENT,NOTICE_DATE,ORIGINAL_FILE_NAME,RENAMED_FILE_NAME,STATUS) values (3,'공공공zg','admin','공지공지',to_date('18/05/14','RR/MM/DD'),null,null,'Y');
REM INSERTING into DLEAGUE.REGION
SET DEFINE OFF;
Insert into DLEAGUE.REGION (REGIONCODE,REGIONNAME) values ('G1','서울');
Insert into DLEAGUE.REGION (REGIONCODE,REGIONNAME) values ('G2','경기');
Insert into DLEAGUE.REGION (REGIONCODE,REGIONNAME) values ('G3','강원');
Insert into DLEAGUE.REGION (REGIONCODE,REGIONNAME) values ('G4','충북');
Insert into DLEAGUE.REGION (REGIONCODE,REGIONNAME) values ('G5','충남');
Insert into DLEAGUE.REGION (REGIONCODE,REGIONNAME) values ('G6','경북');
Insert into DLEAGUE.REGION (REGIONCODE,REGIONNAME) values ('G7','전북');
Insert into DLEAGUE.REGION (REGIONCODE,REGIONNAME) values ('G8','전남');
Insert into DLEAGUE.REGION (REGIONCODE,REGIONNAME) values ('G9','제주');
REM INSERTING into DLEAGUE.TBL_DELETE_USER
SET DEFINE OFF;
Insert into DLEAGUE.TBL_DELETE_USER (DELETE_NO,USERID,PASSWORD,USERNAME,REGIONCODE,PHONE,PROFILE,PHOTO,DELETEDATE) values (7,'131313','1ARVn2Auq2/WAqx2gNrL+q3RNjAzXpUfCXrzkA6d4Xa22yhRLy4AC50E+6UTPoscbo31nbOoq51gvkuXzJ6B2w==','일삼이','G4','01029392919','qqqqq',null,to_date('18/05/17','RR/MM/DD'));
REM INSERTING into DLEAGUE.TBL_USER
SET DEFINE OFF;
Insert into DLEAGUE.TBL_USER (USERID,PASSWORD,USERNAME,REGIONCODE,PHONE,EMAIL,TEAMNAME,PROFILE,GRADE,PHOTO,ENROLLDATE,BIRTHDAY) values ('deayeon','1ARVn2Auq2/WAqx2gNrL+q3RNjAzXpUfCXrzkA6d4Xa22yhRLy4AC50E+6UTPoscbo31nbOoq51gvkuXzJ6B2w==','대연킴','G1','01027809071','raccoon200@naver.com','투톱체제','투톱팀원','팀장',null,to_date('18/05/12','RR/MM/DD'),'930322');
Insert into DLEAGUE.TBL_USER (USERID,PASSWORD,USERNAME,REGIONCODE,PHONE,EMAIL,TEAMNAME,PROFILE,GRADE,PHOTO,ENROLLDATE,BIRTHDAY) values ('test3','1ARVn2Auq2/WAqx2gNrL+q3RNjAzXpUfCXrzkA6d4Xa22yhRLy4AC50E+6UTPoscbo31nbOoq51gvkuXzJ6B2w==','test','G1','01027809071','raccoon200@naver.com','testTeam3','test1','팀장',null,to_date('18/05/12','RR/MM/DD'),'930322');
Insert into DLEAGUE.TBL_USER (USERID,PASSWORD,USERNAME,REGIONCODE,PHONE,EMAIL,TEAMNAME,PROFILE,GRADE,PHOTO,ENROLLDATE,BIRTHDAY) values ('test4','1ARVn2Auq2/WAqx2gNrL+q3RNjAzXpUfCXrzkA6d4Xa22yhRLy4AC50E+6UTPoscbo31nbOoq51gvkuXzJ6B2w==','test','G1','01027809071','raccoon200@naver.com','testTeam4','test1','팀장','20185613_005609880_424.png',to_date('18/05/12','RR/MM/DD'),'930322');
Insert into DLEAGUE.TBL_USER (USERID,PASSWORD,USERNAME,REGIONCODE,PHONE,EMAIL,TEAMNAME,PROFILE,GRADE,PHOTO,ENROLLDATE,BIRTHDAY) values ('test5','1ARVn2Auq2/WAqx2gNrL+q3RNjAzXpUfCXrzkA6d4Xa22yhRLy4AC50E+6UTPoscbo31nbOoq51gvkuXzJ6B2w==','aa','G3','01027809071','raccoon200@naver.com','testTeam5','test1','팀장','20180920_140902340_770.png',to_date('18/05/12','RR/MM/DD'),'930322');
Insert into DLEAGUE.TBL_USER (USERID,PASSWORD,USERNAME,REGIONCODE,PHONE,EMAIL,TEAMNAME,PROFILE,GRADE,PHOTO,ENROLLDATE,BIRTHDAY) values ('test6','1ARVn2Auq2/WAqx2gNrL+q3RNjAzXpUfCXrzkA6d4Xa22yhRLy4AC50E+6UTPoscbo31nbOoq51gvkuXzJ6B2w==','aa','G1','01027809071','raccoon200@naver.com','testTeam6','test1','팀장','20184120_114123425_415.png',to_date('18/05/12','RR/MM/DD'),'930322');
Insert into DLEAGUE.TBL_USER (USERID,PASSWORD,USERNAME,REGIONCODE,PHONE,EMAIL,TEAMNAME,PROFILE,GRADE,PHOTO,ENROLLDATE,BIRTHDAY) values ('test7','1ARVn2Auq2/WAqx2gNrL+q3RNjAzXpUfCXrzkA6d4Xa22yhRLy4AC50E+6UTPoscbo31nbOoq51gvkuXzJ6B2w==','test','G1','01027809071','raccoon200@naver.com','testTeam7','test1','팀장','default.jpg',to_date('18/05/12','RR/MM/DD'),'930322');
Insert into DLEAGUE.TBL_USER (USERID,PASSWORD,USERNAME,REGIONCODE,PHONE,EMAIL,TEAMNAME,PROFILE,GRADE,PHOTO,ENROLLDATE,BIRTHDAY) values ('test8','1ARVn2Auq2/WAqx2gNrL+q3RNjAzXpUfCXrzkA6d4Xa22yhRLy4AC50E+6UTPoscbo31nbOoq51gvkuXzJ6B2w==','test','G1','01027809071','raccoon200@naver.com','testTeam7','test1','팀원','default.jpg',to_date('18/05/12','RR/MM/DD'),'930322');
Insert into DLEAGUE.TBL_USER (USERID,PASSWORD,USERNAME,REGIONCODE,PHONE,EMAIL,TEAMNAME,PROFILE,GRADE,PHOTO,ENROLLDATE,BIRTHDAY) values ('test9','1ARVn2Auq2/WAqx2gNrL+q3RNjAzXpUfCXrzkA6d4Xa22yhRLy4AC50E+6UTPoscbo31nbOoq51gvkuXzJ6B2w==','test','G1','01027809071','raccoon200@naver.com','testTeam9','test1','팀장','default.jpg',to_date('18/05/12','RR/MM/DD'),'930322');
Insert into DLEAGUE.TBL_USER (USERID,PASSWORD,USERNAME,REGIONCODE,PHONE,EMAIL,TEAMNAME,PROFILE,GRADE,PHOTO,ENROLLDATE,BIRTHDAY) values ('test10','1ARVn2Auq2/WAqx2gNrL+q3RNjAzXpUfCXrzkA6d4Xa22yhRLy4AC50E+6UTPoscbo31nbOoq51gvkuXzJ6B2w==','test','G1','01027809071','raccoon200@naver.com','testTeam10','test1','팀장','default.jpg',to_date('18/05/12','RR/MM/DD'),'930322');
Insert into DLEAGUE.TBL_USER (USERID,PASSWORD,USERNAME,REGIONCODE,PHONE,EMAIL,TEAMNAME,PROFILE,GRADE,PHOTO,ENROLLDATE,BIRTHDAY) values ('test11','1ARVn2Auq2/WAqx2gNrL+q3RNjAzXpUfCXrzkA6d4Xa22yhRLy4AC50E+6UTPoscbo31nbOoq51gvkuXzJ6B2w==','test','G2','01027809071','raccoon200@naver.com',null,'test1','선수','default.jpg',to_date('18/05/12','RR/MM/DD'),'930322');
Insert into DLEAGUE.TBL_USER (USERID,PASSWORD,USERNAME,REGIONCODE,PHONE,EMAIL,TEAMNAME,PROFILE,GRADE,PHOTO,ENROLLDATE,BIRTHDAY) values ('test12','1ARVn2Auq2/WAqx2gNrL+q3RNjAzXpUfCXrzkA6d4Xa22yhRLy4AC50E+6UTPoscbo31nbOoq51gvkuXzJ6B2w==','test','G2','01027809071','raccoon200@naver.com',null,'test1','선수','default.jpg',to_date('18/05/12','RR/MM/DD'),'930322');
Insert into DLEAGUE.TBL_USER (USERID,PASSWORD,USERNAME,REGIONCODE,PHONE,EMAIL,TEAMNAME,PROFILE,GRADE,PHOTO,ENROLLDATE,BIRTHDAY) values ('test13','1ARVn2Auq2/WAqx2gNrL+q3RNjAzXpUfCXrzkA6d4Xa22yhRLy4AC50E+6UTPoscbo31nbOoq51gvkuXzJ6B2w==','test','G2','01027809071','raccoon200@naver.com',null,'test1','선수','default.jpg',to_date('18/05/12','RR/MM/DD'),'930322');
Insert into DLEAGUE.TBL_USER (USERID,PASSWORD,USERNAME,REGIONCODE,PHONE,EMAIL,TEAMNAME,PROFILE,GRADE,PHOTO,ENROLLDATE,BIRTHDAY) values ('test14','1ARVn2Auq2/WAqx2gNrL+q3RNjAzXpUfCXrzkA6d4Xa22yhRLy4AC50E+6UTPoscbo31nbOoq51gvkuXzJ6B2w==','test','G2','01027809071','raccoon200@naver.com',null,'test1','선수','default.jpg',to_date('18/05/12','RR/MM/DD'),'930322');
Insert into DLEAGUE.TBL_USER (USERID,PASSWORD,USERNAME,REGIONCODE,PHONE,EMAIL,TEAMNAME,PROFILE,GRADE,PHOTO,ENROLLDATE,BIRTHDAY) values ('test15','1ARVn2Auq2/WAqx2gNrL+q3RNjAzXpUfCXrzkA6d4Xa22yhRLy4AC50E+6UTPoscbo31nbOoq51gvkuXzJ6B2w==','test','G2','01027809071','raccoon200@naver.com','testTeam15','test1','팀장','default.jpg',to_date('18/05/12','RR/MM/DD'),'930322');
Insert into DLEAGUE.TBL_USER (USERID,PASSWORD,USERNAME,REGIONCODE,PHONE,EMAIL,TEAMNAME,PROFILE,GRADE,PHOTO,ENROLLDATE,BIRTHDAY) values ('test16','1ARVn2Auq2/WAqx2gNrL+q3RNjAzXpUfCXrzkA6d4Xa22yhRLy4AC50E+6UTPoscbo31nbOoq51gvkuXzJ6B2w==','test','G2','01027809071','raccoon200@naver.com','testTeam16','test1','팀장','default.jpg',to_date('18/05/12','RR/MM/DD'),'930322');
Insert into DLEAGUE.TBL_USER (USERID,PASSWORD,USERNAME,REGIONCODE,PHONE,EMAIL,TEAMNAME,PROFILE,GRADE,PHOTO,ENROLLDATE,BIRTHDAY) values ('test17','1ARVn2Auq2/WAqx2gNrL+q3RNjAzXpUfCXrzkA6d4Xa22yhRLy4AC50E+6UTPoscbo31nbOoq51gvkuXzJ6B2w==','test','G2','01027809071','raccoon200@naver.com',null,'test1','선수','default.jpg',to_date('18/05/12','RR/MM/DD'),'930322');
Insert into DLEAGUE.TBL_USER (USERID,PASSWORD,USERNAME,REGIONCODE,PHONE,EMAIL,TEAMNAME,PROFILE,GRADE,PHOTO,ENROLLDATE,BIRTHDAY) values ('test18','1ARVn2Auq2/WAqx2gNrL+q3RNjAzXpUfCXrzkA6d4Xa22yhRLy4AC50E+6UTPoscbo31nbOoq51gvkuXzJ6B2w==','test','G2','01027809071','raccoon200@naver.com',null,'test1','선수','default.jpg',to_date('18/05/12','RR/MM/DD'),'930322');
Insert into DLEAGUE.TBL_USER (USERID,PASSWORD,USERNAME,REGIONCODE,PHONE,EMAIL,TEAMNAME,PROFILE,GRADE,PHOTO,ENROLLDATE,BIRTHDAY) values ('test19','1ARVn2Auq2/WAqx2gNrL+q3RNjAzXpUfCXrzkA6d4Xa22yhRLy4AC50E+6UTPoscbo31nbOoq51gvkuXzJ6B2w==','test','G2','01027809071','raccoon200@naver.com',null,'test1','선수','default.jpg',to_date('18/05/12','RR/MM/DD'),'930322');
Insert into DLEAGUE.TBL_USER (USERID,PASSWORD,USERNAME,REGIONCODE,PHONE,EMAIL,TEAMNAME,PROFILE,GRADE,PHOTO,ENROLLDATE,BIRTHDAY) values ('test20','1ARVn2Auq2/WAqx2gNrL+q3RNjAzXpUfCXrzkA6d4Xa22yhRLy4AC50E+6UTPoscbo31nbOoq51gvkuXzJ6B2w==','test','G2','01027809071','raccoon200@naver.com',null,'test1','선수',null,to_date('18/05/12','RR/MM/DD'),'930322');
Insert into DLEAGUE.TBL_USER (USERID,PASSWORD,USERNAME,REGIONCODE,PHONE,EMAIL,TEAMNAME,PROFILE,GRADE,PHOTO,ENROLLDATE,BIRTHDAY) values ('test21','1ARVn2Auq2/WAqx2gNrL+q3RNjAzXpUfCXrzkA6d4Xa22yhRLy4AC50E+6UTPoscbo31nbOoq51gvkuXzJ6B2w==','aaaa','G3','01027809071','raccoon200@naver.com',null,'test1','선수',null,to_date('18/05/12','RR/MM/DD'),'930322');
Insert into DLEAGUE.TBL_USER (USERID,PASSWORD,USERNAME,REGIONCODE,PHONE,EMAIL,TEAMNAME,PROFILE,GRADE,PHOTO,ENROLLDATE,BIRTHDAY) values ('tes22','1ARVn2Auq2/WAqx2gNrL+q3RNjAzXpUfCXrzkA6d4Xa22yhRLy4AC50E+6UTPoscbo31nbOoq51gvkuXzJ6B2w==','test','G3','01027809071','raccoon200@naver.com','testTeam22','test1','팀장',null,to_date('18/05/12','RR/MM/DD'),'930322');
Insert into DLEAGUE.TBL_USER (USERID,PASSWORD,USERNAME,REGIONCODE,PHONE,EMAIL,TEAMNAME,PROFILE,GRADE,PHOTO,ENROLLDATE,BIRTHDAY) values ('test23','1ARVn2Auq2/WAqx2gNrL+q3RNjAzXpUfCXrzkA6d4Xa22yhRLy4AC50E+6UTPoscbo31nbOoq51gvkuXzJ6B2w==','test','G3','01027809071','raccoon200@naver.com','testTeam23','test1','팀장','default.jpg',to_date('18/05/12','RR/MM/DD'),'930322');
Insert into DLEAGUE.TBL_USER (USERID,PASSWORD,USERNAME,REGIONCODE,PHONE,EMAIL,TEAMNAME,PROFILE,GRADE,PHOTO,ENROLLDATE,BIRTHDAY) values ('test24','1ARVn2Auq2/WAqx2gNrL+q3RNjAzXpUfCXrzkA6d4Xa22yhRLy4AC50E+6UTPoscbo31nbOoq51gvkuXzJ6B2w==','test','G3','01027809071','raccoon200@naver.com','testTeam24','test1','팀장','default.jpg',to_date('18/05/12','RR/MM/DD'),'930322');
Insert into DLEAGUE.TBL_USER (USERID,PASSWORD,USERNAME,REGIONCODE,PHONE,EMAIL,TEAMNAME,PROFILE,GRADE,PHOTO,ENROLLDATE,BIRTHDAY) values ('test25','1ARVn2Auq2/WAqx2gNrL+q3RNjAzXpUfCXrzkA6d4Xa22yhRLy4AC50E+6UTPoscbo31nbOoq51gvkuXzJ6B2w==','test','G3','01027809071','raccoon200@naver.com','testTeam25','test1','팀장','default.jpg',to_date('18/05/12','RR/MM/DD'),'930322');
Insert into DLEAGUE.TBL_USER (USERID,PASSWORD,USERNAME,REGIONCODE,PHONE,EMAIL,TEAMNAME,PROFILE,GRADE,PHOTO,ENROLLDATE,BIRTHDAY) values ('test26','1ARVn2Auq2/WAqx2gNrL+q3RNjAzXpUfCXrzkA6d4Xa22yhRLy4AC50E+6UTPoscbo31nbOoq51gvkuXzJ6B2w==','test','G3','01027809071','raccoon200@naver.com','testTeam26','test1','팀장','default.jpg',to_date('18/05/12','RR/MM/DD'),'930322');
Insert into DLEAGUE.TBL_USER (USERID,PASSWORD,USERNAME,REGIONCODE,PHONE,EMAIL,TEAMNAME,PROFILE,GRADE,PHOTO,ENROLLDATE,BIRTHDAY) values ('test27','1ARVn2Auq2/WAqx2gNrL+q3RNjAzXpUfCXrzkA6d4Xa22yhRLy4AC50E+6UTPoscbo31nbOoq51gvkuXzJ6B2w==','test','G3','01027809071','raccoon200@naver.com','testTeam27','test1','팀장','default.jpg',to_date('18/05/12','RR/MM/DD'),'930322');
Insert into DLEAGUE.TBL_USER (USERID,PASSWORD,USERNAME,REGIONCODE,PHONE,EMAIL,TEAMNAME,PROFILE,GRADE,PHOTO,ENROLLDATE,BIRTHDAY) values ('test28','1ARVn2Auq2/WAqx2gNrL+q3RNjAzXpUfCXrzkA6d4Xa22yhRLy4AC50E+6UTPoscbo31nbOoq51gvkuXzJ6B2w==','test','G3','01027809071','raccoon200@naver.com','testTeam28','test1','팀장','default.jpg',to_date('18/05/12','RR/MM/DD'),'930322');
Insert into DLEAGUE.TBL_USER (USERID,PASSWORD,USERNAME,REGIONCODE,PHONE,EMAIL,TEAMNAME,PROFILE,GRADE,PHOTO,ENROLLDATE,BIRTHDAY) values ('test29','1ARVn2Auq2/WAqx2gNrL+q3RNjAzXpUfCXrzkA6d4Xa22yhRLy4AC50E+6UTPoscbo31nbOoq51gvkuXzJ6B2w==','test','G3','01027809071','raccoon200@naver.com','testTeam29','test1','팀장','default.jpg',to_date('18/05/12','RR/MM/DD'),'930322');
Insert into DLEAGUE.TBL_USER (USERID,PASSWORD,USERNAME,REGIONCODE,PHONE,EMAIL,TEAMNAME,PROFILE,GRADE,PHOTO,ENROLLDATE,BIRTHDAY) values ('test30','1ARVn2Auq2/WAqx2gNrL+q3RNjAzXpUfCXrzkA6d4Xa22yhRLy4AC50E+6UTPoscbo31nbOoq51gvkuXzJ6B2w==','test','G3','01027809071','raccoon200@naver.com','testTeam30','test1','팀장','default.jpg',to_date('18/05/12','RR/MM/DD'),'930322');
Insert into DLEAGUE.TBL_USER (USERID,PASSWORD,USERNAME,REGIONCODE,PHONE,EMAIL,TEAMNAME,PROFILE,GRADE,PHOTO,ENROLLDATE,BIRTHDAY) values ('test22','1ARVn2Auq2/WAqx2gNrL+q3RNjAzXpUfCXrzkA6d4Xa22yhRLy4AC50E+6UTPoscbo31nbOoq51gvkuXzJ6B2w==','test','G3','01027809071','raccoon200@naver.com','testTeam22','test1','팀장','default.jpg',to_date('18/05/13','RR/MM/DD'),'930322');
Insert into DLEAGUE.TBL_USER (USERID,PASSWORD,USERNAME,REGIONCODE,PHONE,EMAIL,TEAMNAME,PROFILE,GRADE,PHOTO,ENROLLDATE,BIRTHDAY) values ('flflfl','1ARVn2Auq2/WAqx2gNrL+q3RNjAzXpUfCXrzkA6d4Xa22yhRLy4AC50E+6UTPoscbo31nbOoq51gvkuXzJ6B2w==','김극복','G5','01023982010','fkdlzh@null',null,'asdfasdf','선수',null,to_date('18/05/14','RR/MM/DD'),'2017-12-13');
Insert into DLEAGUE.TBL_USER (USERID,PASSWORD,USERNAME,REGIONCODE,PHONE,EMAIL,TEAMNAME,PROFILE,GRADE,PHOTO,ENROLLDATE,BIRTHDAY) values ('alskahsh','1ARVn2Auq2/WAqx2gNrL+q3RNjAzXpUfCXrzkA6d4Xa22yhRLy4AC50E+6UTPoscbo31nbOoq51gvkuXzJ6B2w==','라이뇨','G2','01012930129','aksldf@ndke.com',null,'asdf','선수',null,to_date('18/05/14','RR/MM/DD'),'2018-01-16');
Insert into DLEAGUE.TBL_USER (USERID,PASSWORD,USERNAME,REGIONCODE,PHONE,EMAIL,TEAMNAME,PROFILE,GRADE,PHOTO,ENROLLDATE,BIRTHDAY) values ('asdf','1ARVn2Auq2/WAqx2gNrL+q3RNjAzXpUfCXrzkA6d4Xa22yhRLy4AC50E+6UTPoscbo31nbOoq51gvkuXzJ6B2w==','asdf','G4','01027480978','rasdrf@null',null,'sdfsdaf','선수',null,to_date('18/05/14','RR/MM/DD'),'2018-05-15');
Insert into DLEAGUE.TBL_USER (USERID,PASSWORD,USERNAME,REGIONCODE,PHONE,EMAIL,TEAMNAME,PROFILE,GRADE,PHOTO,ENROLLDATE,BIRTHDAY) values ('raccoon200','AUKthC6gVgEkRCXBkYWy9szWTdUW9OADBZnLG2g/as8lOe+cqq+aRuSqqbWO5iXALAcPAjEQmYH/Aa7QFUvSMg==','김대연','G2','01027809071','raccoon200@naver.com','testTeam1','안녕하세요
김대연이에요~','팀원','20185916_125937780_488.png',to_date('18/05/16','RR/MM/DD'),'930322');
Insert into DLEAGUE.TBL_USER (USERID,PASSWORD,USERNAME,REGIONCODE,PHONE,EMAIL,TEAMNAME,PROFILE,GRADE,PHOTO,ENROLLDATE,BIRTHDAY) values ('dusrud','1ARVn2Auq2/WAqx2gNrL+q3RNjAzXpUfCXrzkA6d4Xa22yhRLy4AC50E+6UTPoscbo31nbOoq51gvkuXzJ6B2w==','이연경','G1','01072137757','ydusrud1011@naver.com',null,'안녕','선수','20180720_120719490_552.jpg',to_date('18/05/20','RR/MM/DD'),'951011');
Insert into DLEAGUE.TBL_USER (USERID,PASSWORD,USERNAME,REGIONCODE,PHONE,EMAIL,TEAMNAME,PROFILE,GRADE,PHOTO,ENROLLDATE,BIRTHDAY) values ('alskdl','1ARVn2Auq2/WAqx2gNrL+q3RNjAzXpUfCXrzkA6d4Xa22yhRLy4AC50E+6UTPoscbo31nbOoq51gvkuXzJ6B2w==','미나어','G1','01023012930','asdflkj@미낭.챕지',null,null,'선수',null,to_date('18/05/15','RR/MM/DD'),'2018-02-08');
Insert into DLEAGUE.TBL_USER (USERID,PASSWORD,USERNAME,REGIONCODE,PHONE,EMAIL,TEAMNAME,PROFILE,GRADE,PHOTO,ENROLLDATE,BIRTHDAY) values ('member1','1ARVn2Auq2/WAqx2gNrL+q3RNjAzXpUfCXrzkA6d4Xa22yhRLy4AC50E+6UTPoscbo31nbOoq51gvkuXzJ6B2w==','배','G4','01051993918',null,null,null,'선수','default.jpg',to_date('18/05/14','RR/MM/DD'),'940114');
Insert into DLEAGUE.TBL_USER (USERID,PASSWORD,USERNAME,REGIONCODE,PHONE,EMAIL,TEAMNAME,PROFILE,GRADE,PHOTO,ENROLLDATE,BIRTHDAY) values ('member2','1ARVn2Auq2/WAqx2gNrL+q3RNjAzXpUfCXrzkA6d4Xa22yhRLy4AC50E+6UTPoscbo31nbOoq51gvkuXzJ6B2w==','배','G4','01051993918',null,null,null,'선수','default.jpg',to_date('18/05/14','RR/MM/DD'),'940114');
Insert into DLEAGUE.TBL_USER (USERID,PASSWORD,USERNAME,REGIONCODE,PHONE,EMAIL,TEAMNAME,PROFILE,GRADE,PHOTO,ENROLLDATE,BIRTHDAY) values ('member3','1ARVn2Auq2/WAqx2gNrL+q3RNjAzXpUfCXrzkA6d4Xa22yhRLy4AC50E+6UTPoscbo31nbOoq51gvkuXzJ6B2w==','배','G4','01051993918',null,null,null,'선수','default.jpg',to_date('18/05/14','RR/MM/DD'),'940114');
Insert into DLEAGUE.TBL_USER (USERID,PASSWORD,USERNAME,REGIONCODE,PHONE,EMAIL,TEAMNAME,PROFILE,GRADE,PHOTO,ENROLLDATE,BIRTHDAY) values ('member4','1ARVn2Auq2/WAqx2gNrL+q3RNjAzXpUfCXrzkA6d4Xa22yhRLy4AC50E+6UTPoscbo31nbOoq51gvkuXzJ6B2w==','배','G4','01051993918',null,null,null,'선수','default.jpg',to_date('18/05/14','RR/MM/DD'),'940114');
Insert into DLEAGUE.TBL_USER (USERID,PASSWORD,USERNAME,REGIONCODE,PHONE,EMAIL,TEAMNAME,PROFILE,GRADE,PHOTO,ENROLLDATE,BIRTHDAY) values ('member5','1ARVn2Auq2/WAqx2gNrL+q3RNjAzXpUfCXrzkA6d4Xa22yhRLy4AC50E+6UTPoscbo31nbOoq51gvkuXzJ6B2w==','배','G4','01051993918',null,'testTeam5',null,'팀원','default.jpg',to_date('18/05/14','RR/MM/DD'),'940114');
Insert into DLEAGUE.TBL_USER (USERID,PASSWORD,USERNAME,REGIONCODE,PHONE,EMAIL,TEAMNAME,PROFILE,GRADE,PHOTO,ENROLLDATE,BIRTHDAY) values ('member6','1ARVn2Auq2/WAqx2gNrL+q3RNjAzXpUfCXrzkA6d4Xa22yhRLy4AC50E+6UTPoscbo31nbOoq51gvkuXzJ6B2w==','배','G4','01051993918',null,null,null,'선수','default.jpg',to_date('18/05/14','RR/MM/DD'),'940114');
Insert into DLEAGUE.TBL_USER (USERID,PASSWORD,USERNAME,REGIONCODE,PHONE,EMAIL,TEAMNAME,PROFILE,GRADE,PHOTO,ENROLLDATE,BIRTHDAY) values ('member7','1ARVn2Auq2/WAqx2gNrL+q3RNjAzXpUfCXrzkA6d4Xa22yhRLy4AC50E+6UTPoscbo31nbOoq51gvkuXzJ6B2w==','배','G4','01051993918',null,null,null,'선수','default.jpg',to_date('18/05/14','RR/MM/DD'),'940114');
Insert into DLEAGUE.TBL_USER (USERID,PASSWORD,USERNAME,REGIONCODE,PHONE,EMAIL,TEAMNAME,PROFILE,GRADE,PHOTO,ENROLLDATE,BIRTHDAY) values ('member8','1ARVn2Auq2/WAqx2gNrL+q3RNjAzXpUfCXrzkA6d4Xa22yhRLy4AC50E+6UTPoscbo31nbOoq51gvkuXzJ6B2w==','배','G4','01051993918',null,null,null,'선수','default.jpg',to_date('18/05/14','RR/MM/DD'),'940114');
Insert into DLEAGUE.TBL_USER (USERID,PASSWORD,USERNAME,REGIONCODE,PHONE,EMAIL,TEAMNAME,PROFILE,GRADE,PHOTO,ENROLLDATE,BIRTHDAY) values ('kingdom','1ARVn2Auq2/WAqx2gNrL+q3RNjAzXpUfCXrzkA6d4Xa22yhRLy4AC50E+6UTPoscbo31nbOoq51gvkuXzJ6B2w==','라이노','G5','01020392001','rkrkrkrk@naver.com',null,'그대로','선수','20182815_132813707_76.PNG',to_date('18/05/15','RR/MM/DD'),'2018-01-31');
Insert into DLEAGUE.TBL_USER (USERID,PASSWORD,USERNAME,REGIONCODE,PHONE,EMAIL,TEAMNAME,PROFILE,GRADE,PHOTO,ENROLLDATE,BIRTHDAY) values ('fkdlrh','1ARVn2Auq2/WAqx2gNrL+q3RNjAzXpUfCXrzkA6d4Xa22yhRLy4AC50E+6UTPoscbo31nbOoq51gvkuXzJ6B2w==','라이코','G1','01023920910','asdfsad',null,'asfasdf','선수',null,to_date('18/05/14','RR/MM/DD'),'2018-03-07');
Insert into DLEAGUE.TBL_USER (USERID,PASSWORD,USERNAME,REGIONCODE,PHONE,EMAIL,TEAMNAME,PROFILE,GRADE,PHOTO,ENROLLDATE,BIRTHDAY) values ('dddddddd','1ARVn2Auq2/WAqx2gNrL+q3RNjAzXpUfCXrzkA6d4Xa22yhRLy4AC50E+6UTPoscbo31nbOoq51gvkuXzJ6B2w==','김기기','G3','01023902930','dkfldks@null',null,'asdfd','선수',null,to_date('18/05/14','RR/MM/DD'),'2017-06-14');
Insert into DLEAGUE.TBL_USER (USERID,PASSWORD,USERNAME,REGIONCODE,PHONE,EMAIL,TEAMNAME,PROFILE,GRADE,PHOTO,ENROLLDATE,BIRTHDAY) values ('admin','1ARVn2Auq2/WAqx2gNrL+q3RNjAzXpUfCXrzkA6d4Xa22yhRLy4AC50E+6UTPoscbo31nbOoq51gvkuXzJ6B2w==','admin','G2','01027809071','raccoon200@naver.com',null,'관리자관리자','관리자','default.jpg',to_date('18/05/08','RR/MM/DD'),'930322');
Insert into DLEAGUE.TBL_USER (USERID,PASSWORD,USERNAME,REGIONCODE,PHONE,EMAIL,TEAMNAME,PROFILE,GRADE,PHOTO,ENROLLDATE,BIRTHDAY) values ('yeon','1ARVn2Auq2/WAqx2gNrL+q3RNjAzXpUfCXrzkA6d4Xa22yhRLy4AC50E+6UTPoscbo31nbOoq51gvkuXzJ6B2w==','yeon','G1','01011112222','ydusrud1011@naver.com','안녕팀','연경','팀장',null,to_date('18/05/09','RR/MM/DD'),'93');
Insert into DLEAGUE.TBL_USER (USERID,PASSWORD,USERNAME,REGIONCODE,PHONE,EMAIL,TEAMNAME,PROFILE,GRADE,PHOTO,ENROLLDATE,BIRTHDAY) values ('alsldl','1ARVn2Auq2/WAqx2gNrL+q3RNjAzXpUfCXrzkA6d4Xa22yhRLy4AC50E+6UTPoscbo31nbOoq51gvkuXzJ6B2w==','안녕해','G3','01012390123','asdfadsf@null',null,'asdfasdf','선수',null,to_date('18/05/14','RR/MM/DD'),'2017-12-06');
Insert into DLEAGUE.TBL_USER (USERID,PASSWORD,USERNAME,REGIONCODE,PHONE,EMAIL,TEAMNAME,PROFILE,GRADE,PHOTO,ENROLLDATE,BIRTHDAY) values ('dksldklw','1ARVn2Auq2/WAqx2gNrL+q3RNjAzXpUfCXrzkA6d4Xa22yhRLy4AC50E+6UTPoscbo31nbOoq51gvkuXzJ6B2w==','기자디','G1','01010239012','alskd@ㅁdfd.com',null,null,'선수',null,to_date('18/05/15','RR/MM/DD'),'2018-05-02');
Insert into DLEAGUE.TBL_USER (USERID,PASSWORD,USERNAME,REGIONCODE,PHONE,EMAIL,TEAMNAME,PROFILE,GRADE,PHOTO,ENROLLDATE,BIRTHDAY) values ('121212','1ARVn2Auq2/WAqx2gNrL+q3RNjAzXpUfCXrzkA6d4Xa22yhRLy4AC50E+6UTPoscbo31nbOoq51gvkuXzJ6B2w==','암호화','G1','01029837281','dksldkf@daum.net',null,'암호하','선수',null,to_date('18/05/16','RR/MM/DD'),'902817');
Insert into DLEAGUE.TBL_USER (USERID,PASSWORD,USERNAME,REGIONCODE,PHONE,EMAIL,TEAMNAME,PROFILE,GRADE,PHOTO,ENROLLDATE,BIRTHDAY) values ('testpas1','1ARVn2Auq2/WAqx2gNrL+q3RNjAzXpUfCXrzkA6d4Xa22yhRLy4AC50E+6UTPoscbo31nbOoq51gvkuXzJ6B2w==','암호히','G4','01065165165','alskdll@naver.com',null,'암호화라','선수',null,to_date('18/05/16','RR/MM/DD'),'900201');
Insert into DLEAGUE.TBL_USER (USERID,PASSWORD,USERNAME,REGIONCODE,PHONE,EMAIL,TEAMNAME,PROFILE,GRADE,PHOTO,ENROLLDATE,BIRTHDAY) values ('testpas2','1ARVn2Auq2/WAqx2gNrL+q3RNjAzXpUfCXrzkA6d4Xa22yhRLy4AC50E+6UTPoscbo31nbOoq51gvkuXzJ6B2w==','암호호','G1','01050450545','alskdk@naver.com',null,'안녕암호','선수',null,to_date('18/05/16','RR/MM/DD'),'900504');
Insert into DLEAGUE.TBL_USER (USERID,PASSWORD,USERNAME,REGIONCODE,PHONE,EMAIL,TEAMNAME,PROFILE,GRADE,PHOTO,ENROLLDATE,BIRTHDAY) values ('akskEN','1ARVn2Auq2/WAqx2gNrL+q3RNjAzXpUfCXrzkA6d4Xa22yhRLy4AC50E+6UTPoscbo31nbOoq51gvkuXzJ6B2w==','구오공','G1','01029838292','dkalk@naver.com',null,'dadf','선수',null,to_date('18/05/16','RR/MM/DD'),'950505');
Insert into DLEAGUE.TBL_USER (USERID,PASSWORD,USERNAME,REGIONCODE,PHONE,EMAIL,TEAMNAME,PROFILE,GRADE,PHOTO,ENROLLDATE,BIRTHDAY) values ('endenroll','1ARVn2Auq2/WAqx2gNrL+q3RNjAzXpUfCXrzkA6d4Xa22yhRLy4AC50E+6UTPoscbo31nbOoq51gvkuXzJ6B2w==','엔롤끝','G4','01029378192','daum@daum.net',null,'엔롤끝','선수','20182016_122054794_658.png',to_date('18/05/16','RR/MM/DD'),'950928');
Insert into DLEAGUE.TBL_USER (USERID,PASSWORD,USERNAME,REGIONCODE,PHONE,EMAIL,TEAMNAME,PROFILE,GRADE,PHOTO,ENROLLDATE,BIRTHDAY) values ('ydus1','1ARVn2Auq2/WAqx2gNrL+q3RNjAzXpUfCXrzkA6d4Xa22yhRLy4AC50E+6UTPoscbo31nbOoq51gvkuXzJ6B2w==','이연경','G1','01021225554','akwk@naver.com',null,'ㅎㅎ','선수',null,to_date('18/05/16','RR/MM/DD'),'951011');
Insert into DLEAGUE.TBL_USER (USERID,PASSWORD,USERNAME,REGIONCODE,PHONE,EMAIL,TEAMNAME,PROFILE,GRADE,PHOTO,ENROLLDATE,BIRTHDAY) values ('dltest1','H1aA/m05/f/caPrnMb4yngGPZl/fg81PGW47O1mqjpEI45mwU8/GVMIdnyx5V0LlX66TSTv4vr5L0mG6TEr/Ug==','가즈아','G3','01029389291','fkznsksl@daum.net',null,'안녕 테스트','선수',null,to_date('18/05/17','RR/MM/DD'),'900705');
Insert into DLEAGUE.TBL_USER (USERID,PASSWORD,USERNAME,REGIONCODE,PHONE,EMAIL,TEAMNAME,PROFILE,GRADE,PHOTO,ENROLLDATE,BIRTHDAY) values ('yeon11','1ARVn2Auq2/WAqx2gNrL+q3RNjAzXpUfCXrzkA6d4Xa22yhRLy4AC50E+6UTPoscbo31nbOoq51gvkuXzJ6B2w==','강하나','G1','01012341122','wagwge@naver.com',null,'안녕','선수','20183819_233811420_363.png',to_date('18/05/19','RR/MM/DD'),'951011');
Insert into DLEAGUE.TBL_USER (USERID,PASSWORD,USERNAME,REGIONCODE,PHONE,EMAIL,TEAMNAME,PROFILE,GRADE,PHOTO,ENROLLDATE,BIRTHDAY) values ('qwe1','1ARVn2Auq2/WAqx2gNrL+q3RNjAzXpUfCXrzkA6d4Xa22yhRLy4AC50E+6UTPoscbo31nbOoq51gvkuXzJ6B2w==','박흐영','G2','01012341234','ghghghfgh@naver.com',null,null,'선수',null,to_date('18/05/20','RR/MM/DD'),'910723');
Insert into DLEAGUE.TBL_USER (USERID,PASSWORD,USERNAME,REGIONCODE,PHONE,EMAIL,TEAMNAME,PROFILE,GRADE,PHOTO,ENROLLDATE,BIRTHDAY) values ('aggess','1ARVn2Auq2/WAqx2gNrL+q3RNjAzXpUfCXrzkA6d4Xa22yhRLy4AC50E+6UTPoscbo31nbOoq51gvkuXzJ6B2w==','연경s','G2','0103332222','emem@naver.com',null,'ttt','선수',null,to_date('18/05/14','RR/MM/DD'),'961011');
Insert into DLEAGUE.TBL_USER (USERID,PASSWORD,USERNAME,REGIONCODE,PHONE,EMAIL,TEAMNAME,PROFILE,GRADE,PHOTO,ENROLLDATE,BIRTHDAY) values ('qodlzjfl','1ARVn2Auq2/WAqx2gNrL+q3RNjAzXpUfCXrzkA6d4Xa22yhRLy4AC50E+6UTPoscbo31nbOoq51gvkuXzJ6B2w==','라이뇨','G2','01012930129','aksldf@null',null,'asdf','선수',null,to_date('18/05/14','RR/MM/DD'),'2018-01-16');
Insert into DLEAGUE.TBL_USER (USERID,PASSWORD,USERNAME,REGIONCODE,PHONE,EMAIL,TEAMNAME,PROFILE,GRADE,PHOTO,ENROLLDATE,BIRTHDAY) values ('alsldkw','1ARVn2Auq2/WAqx2gNrL+q3RNjAzXpUfCXrzkA6d4Xa22yhRLy4AC50E+6UTPoscbo31nbOoq51gvkuXzJ6B2w==','김가이','G1','01023091203','alskdl@daum.net',null,null,'선수',null,to_date('18/05/15','RR/MM/DD'),'2018-05-11');
Insert into DLEAGUE.TBL_USER (USERID,PASSWORD,USERNAME,REGIONCODE,PHONE,EMAIL,TEAMNAME,PROFILE,GRADE,PHOTO,ENROLLDATE,BIRTHDAY) values ('aaaaas','1ARVn2Auq2/WAqx2gNrL+q3RNjAzXpUfCXrzkA6d4Xa22yhRLy4AC50E+6UTPoscbo31nbOoq51gvkuXzJ6B2w==','마이노','G1','0101203901','asdfld@clalㅇ딛./칭',null,null,'선수',null,to_date('18/05/15','RR/MM/DD'),'2018-05-01');
Insert into DLEAGUE.TBL_USER (USERID,PASSWORD,USERNAME,REGIONCODE,PHONE,EMAIL,TEAMNAME,PROFILE,GRADE,PHOTO,ENROLLDATE,BIRTHDAY) values ('endroll','1ARVn2Auq2/WAqx2gNrL+q3RNjAzXpUfCXrzkA6d4Xa22yhRLy4AC50E+6UTPoscbo31nbOoq51gvkuXzJ6B2w==','가입끝','G1','01020392919','dlskwld@hotmail.com',null,'미나이저','선수','20181115_141129946_70.png',to_date('18/05/15','RR/MM/DD'),'2016-09-25');
Insert into DLEAGUE.TBL_USER (USERID,PASSWORD,USERNAME,REGIONCODE,PHONE,EMAIL,TEAMNAME,PROFILE,GRADE,PHOTO,ENROLLDATE,BIRTHDAY) values ('111111','1ARVn2Auq2/WAqx2gNrL+q3RNjAzXpUfCXrzkA6d4Xa22yhRLy4AC50E+6UTPoscbo31nbOoq51gvkuXzJ6B2w==','김기리','G1','01029828382','elsl@hotmail.com',null,null,'선수',null,to_date('18/05/15','RR/MM/DD'),'393983');
Insert into DLEAGUE.TBL_USER (USERID,PASSWORD,USERNAME,REGIONCODE,PHONE,EMAIL,TEAMNAME,PROFILE,GRADE,PHOTO,ENROLLDATE,BIRTHDAY) values ('minamoto','38BhVKrcYYOX82A2A/VHRyqqKD820b74HPNY57L2hPUn+bREqYKyzK5LwueyA10Yyid4Swf2nk/eQ9CO4Cr27Q==','서해안','G3','01065656565','alskdlw@daum.net',null,'마나뚜','선수','20185718_105702503_194.png',to_date('18/05/18','RR/MM/DD'),'900205');
Insert into DLEAGUE.TBL_USER (USERID,PASSWORD,USERNAME,REGIONCODE,PHONE,EMAIL,TEAMNAME,PROFILE,GRADE,PHOTO,ENROLLDATE,BIRTHDAY) values ('yeon123','1ARVn2Auq2/WAqx2gNrL+q3RNjAzXpUfCXrzkA6d4Xa22yhRLy4AC50E+6UTPoscbo31nbOoq51gvkuXzJ6B2w==','이연경','G1','01012342222','awgew@naver.com',null,'age','선수','20184619_234642386_781.png',to_date('18/05/19','RR/MM/DD'),'951011');
Insert into DLEAGUE.TBL_USER (USERID,PASSWORD,USERNAME,REGIONCODE,PHONE,EMAIL,TEAMNAME,PROFILE,GRADE,PHOTO,ENROLLDATE,BIRTHDAY) values ('test1','1ARVn2Auq2/WAqx2gNrL+q3RNjAzXpUfCXrzkA6d4Xa22yhRLy4AC50E+6UTPoscbo31nbOoq51gvkuXzJ6B2w==','sssss','G5','01027809071','raccoon200@naver.com','testTeam1','test1','팀장',null,to_date('18/05/11','RR/MM/DD'),'930');
Insert into DLEAGUE.TBL_USER (USERID,PASSWORD,USERNAME,REGIONCODE,PHONE,EMAIL,TEAMNAME,PROFILE,GRADE,PHOTO,ENROLLDATE,BIRTHDAY) values ('test2','1ARVn2Auq2/WAqx2gNrL+q3RNjAzXpUfCXrzkA6d4Xa22yhRLy4AC50E+6UTPoscbo31nbOoq51gvkuXzJ6B2w==','test','G1','01027809071','raccoon200@naver.com','삼성라이온즈','test2','팀장',null,to_date('18/05/11','RR/MM/DD'),'930322');
Insert into DLEAGUE.TBL_USER (USERID,PASSWORD,USERNAME,REGIONCODE,PHONE,EMAIL,TEAMNAME,PROFILE,GRADE,PHOTO,ENROLLDATE,BIRTHDAY) values ('FKDLZH','1ARVn2Auq2/WAqx2gNrL+q3RNjAzXpUfCXrzkA6d4Xa22yhRLy4AC50E+6UTPoscbo31nbOoq51gvkuXzJ6B2w==','안녕이','G5','01013902132','null@null',null,'DAFS','선수','20182115_142158256_975.png',to_date('18/05/14','RR/MM/DD'),'2017-11-30');
Insert into DLEAGUE.TBL_USER (USERID,PASSWORD,USERNAME,REGIONCODE,PHONE,EMAIL,TEAMNAME,PROFILE,GRADE,PHOTO,ENROLLDATE,BIRTHDAY) values ('gkdldy','1ARVn2Auq2/WAqx2gNrL+q3RNjAzXpUfCXrzkA6d4Xa22yhRLy4AC50E+6UTPoscbo31nbOoq51gvkuXzJ6B2w==','김극곡','G1','01012039120','fkdldjs@null',null,'asdf','선수',null,to_date('18/05/14','RR/MM/DD'),'2018-01-10');
Insert into DLEAGUE.TBL_USER (USERID,PASSWORD,USERNAME,REGIONCODE,PHONE,EMAIL,TEAMNAME,PROFILE,GRADE,PHOTO,ENROLLDATE,BIRTHDAY) values ('aaaaa','1ARVn2Auq2/WAqx2gNrL+q3RNjAzXpUfCXrzkA6d4Xa22yhRLy4AC50E+6UTPoscbo31nbOoq51gvkuXzJ6B2w==','김기어','G1','01020390123','asdfds@미니이ㅏ.채ㅡ',null,null,'선수',null,to_date('18/05/15','RR/MM/DD'),'2018-05-02');
Insert into DLEAGUE.TBL_USER (USERID,PASSWORD,USERNAME,REGIONCODE,PHONE,EMAIL,TEAMNAME,PROFILE,GRADE,PHOTO,ENROLLDATE,BIRTHDAY) values ('1111111','1ARVn2Auq2/WAqx2gNrL+q3RNjAzXpUfCXrzkA6d4Xa22yhRLy4AC50E+6UTPoscbo31nbOoq51gvkuXzJ6B2w==','일삼이','G3','01086545454','kklkjk@daum.net',null,'asdfdf','선수',null,to_date('18/05/16','RR/MM/DD'),'985215');
Insert into DLEAGUE.TBL_USER (USERID,PASSWORD,USERNAME,REGIONCODE,PHONE,EMAIL,TEAMNAME,PROFILE,GRADE,PHOTO,ENROLLDATE,BIRTHDAY) values ('ttest1','2TSd24PN1KvWisZ70fLe8wBW2NUWmIWy2/+Amocj7CiNZGwKZIDLotLzdI9jDVj0ZBopC8cp3ELM4dD1IOdVJA==','도개미','G2','01038727837','dksldkw@hotmail.com',null,'안녕','선수',null,to_date('18/05/20','RR/MM/DD'),'930201');
Insert into DLEAGUE.TBL_USER (USERID,PASSWORD,USERNAME,REGIONCODE,PHONE,EMAIL,TEAMNAME,PROFILE,GRADE,PHOTO,ENROLLDATE,BIRTHDAY) values ('passwordtest','1ARVn2Auq2/WAqx2gNrL+q3RNjAzXpUfCXrzkA6d4Xa22yhRLy4AC50E+6UTPoscbo31nbOoq51gvkuXzJ6B2w==','테스트','G1','01029382919','test1@daum.net',null,'테스트1','선수',null,to_date('18/05/16','RR/MM/DD'),'900531');
REM INSERTING into DLEAGUE.TEAM
SET DEFINE OFF;
Insert into DLEAGUE.TEAM (TEAMNAME,REGIONCODE,CAPTAIN,TEAMLOGO,FOUNDINGDATE,STATUS) values ('testTeam3','G1','test3','default.png',to_date('18/05/12','RR/MM/DD'),'Y');
Insert into DLEAGUE.TEAM (TEAMNAME,REGIONCODE,CAPTAIN,TEAMLOGO,FOUNDINGDATE,STATUS) values ('testTeam4','G1','test4','default.png',to_date('18/05/12','RR/MM/DD'),'Y');
Insert into DLEAGUE.TEAM (TEAMNAME,REGIONCODE,CAPTAIN,TEAMLOGO,FOUNDINGDATE,STATUS) values ('testTeam5','G1','test5','default.png',to_date('18/05/12','RR/MM/DD'),'Y');
Insert into DLEAGUE.TEAM (TEAMNAME,REGIONCODE,CAPTAIN,TEAMLOGO,FOUNDINGDATE,STATUS) values ('testTeam6','G1','test6','default.png',to_date('18/05/12','RR/MM/DD'),'Y');
Insert into DLEAGUE.TEAM (TEAMNAME,REGIONCODE,CAPTAIN,TEAMLOGO,FOUNDINGDATE,STATUS) values ('testTeam7','G1','test7','default.png',to_date('18/05/12','RR/MM/DD'),'Y');
Insert into DLEAGUE.TEAM (TEAMNAME,REGIONCODE,CAPTAIN,TEAMLOGO,FOUNDINGDATE,STATUS) values ('testTeam8','G1','test8',null,to_date('18/05/12','RR/MM/DD'),'N');
Insert into DLEAGUE.TEAM (TEAMNAME,REGIONCODE,CAPTAIN,TEAMLOGO,FOUNDINGDATE,STATUS) values ('testTeam9','G1','test9','default.png',to_date('18/05/12','RR/MM/DD'),'Y');
Insert into DLEAGUE.TEAM (TEAMNAME,REGIONCODE,CAPTAIN,TEAMLOGO,FOUNDINGDATE,STATUS) values ('testTeam10','G1','test10','default.png',to_date('18/05/12','RR/MM/DD'),'Y');
Insert into DLEAGUE.TEAM (TEAMNAME,REGIONCODE,CAPTAIN,TEAMLOGO,FOUNDINGDATE,STATUS) values ('testTeam11','G1','test11','default.png',to_date('18/05/12','RR/MM/DD'),'N');
Insert into DLEAGUE.TEAM (TEAMNAME,REGIONCODE,CAPTAIN,TEAMLOGO,FOUNDINGDATE,STATUS) values ('testTeam12','G1','test12','default.png',to_date('18/05/12','RR/MM/DD'),'N');
Insert into DLEAGUE.TEAM (TEAMNAME,REGIONCODE,CAPTAIN,TEAMLOGO,FOUNDINGDATE,STATUS) values ('testTeam13','G1','test13','default.png',to_date('18/05/12','RR/MM/DD'),'N');
Insert into DLEAGUE.TEAM (TEAMNAME,REGIONCODE,CAPTAIN,TEAMLOGO,FOUNDINGDATE,STATUS) values ('testTeam14','G1','test14','default.png',to_date('18/05/12','RR/MM/DD'),'N');
Insert into DLEAGUE.TEAM (TEAMNAME,REGIONCODE,CAPTAIN,TEAMLOGO,FOUNDINGDATE,STATUS) values ('testTeam15','G1','test15','default.png',to_date('18/05/12','RR/MM/DD'),'Y');
Insert into DLEAGUE.TEAM (TEAMNAME,REGIONCODE,CAPTAIN,TEAMLOGO,FOUNDINGDATE,STATUS) values ('testTeam16','G1','test16','default.png',to_date('18/05/12','RR/MM/DD'),'Y');
Insert into DLEAGUE.TEAM (TEAMNAME,REGIONCODE,CAPTAIN,TEAMLOGO,FOUNDINGDATE,STATUS) values ('testTeam17','G1','test17','default.png',to_date('18/05/12','RR/MM/DD'),'N');
Insert into DLEAGUE.TEAM (TEAMNAME,REGIONCODE,CAPTAIN,TEAMLOGO,FOUNDINGDATE,STATUS) values ('testTeam18','G1','test18','default.png',to_date('18/05/12','RR/MM/DD'),'N');
Insert into DLEAGUE.TEAM (TEAMNAME,REGIONCODE,CAPTAIN,TEAMLOGO,FOUNDINGDATE,STATUS) values ('testTeam19','G1','test19','default.png',to_date('18/05/12','RR/MM/DD'),'N');
Insert into DLEAGUE.TEAM (TEAMNAME,REGIONCODE,CAPTAIN,TEAMLOGO,FOUNDINGDATE,STATUS) values ('testTeam20','G1','test20','default.png',to_date('18/05/12','RR/MM/DD'),'N');
Insert into DLEAGUE.TEAM (TEAMNAME,REGIONCODE,CAPTAIN,TEAMLOGO,FOUNDINGDATE,STATUS) values ('testTeam21','G1','test21','default.png',to_date('18/05/12','RR/MM/DD'),'N');
Insert into DLEAGUE.TEAM (TEAMNAME,REGIONCODE,CAPTAIN,TEAMLOGO,FOUNDINGDATE,STATUS) values ('testTeam23','G1','test23','default.png',to_date('18/05/12','RR/MM/DD'),'Y');
Insert into DLEAGUE.TEAM (TEAMNAME,REGIONCODE,CAPTAIN,TEAMLOGO,FOUNDINGDATE,STATUS) values ('testTeam24','G1','test24','default.png',to_date('18/05/12','RR/MM/DD'),'Y');
Insert into DLEAGUE.TEAM (TEAMNAME,REGIONCODE,CAPTAIN,TEAMLOGO,FOUNDINGDATE,STATUS) values ('testTeam25','G1','test25','default.png',to_date('18/05/12','RR/MM/DD'),'Y');
Insert into DLEAGUE.TEAM (TEAMNAME,REGIONCODE,CAPTAIN,TEAMLOGO,FOUNDINGDATE,STATUS) values ('testTeam26','G1','test26','default.png',to_date('18/05/12','RR/MM/DD'),'Y');
Insert into DLEAGUE.TEAM (TEAMNAME,REGIONCODE,CAPTAIN,TEAMLOGO,FOUNDINGDATE,STATUS) values ('testTeam27','G1','test27','default.png',to_date('18/05/12','RR/MM/DD'),'Y');
Insert into DLEAGUE.TEAM (TEAMNAME,REGIONCODE,CAPTAIN,TEAMLOGO,FOUNDINGDATE,STATUS) values ('testTeam28','G1','test28','default.png',to_date('18/05/12','RR/MM/DD'),'Y');
Insert into DLEAGUE.TEAM (TEAMNAME,REGIONCODE,CAPTAIN,TEAMLOGO,FOUNDINGDATE,STATUS) values ('testTeam29','G1','test29','default.png',to_date('18/05/12','RR/MM/DD'),'Y');
Insert into DLEAGUE.TEAM (TEAMNAME,REGIONCODE,CAPTAIN,TEAMLOGO,FOUNDINGDATE,STATUS) values ('testTeam30','G1','test30','default.png',to_date('18/05/12','RR/MM/DD'),'Y');
Insert into DLEAGUE.TEAM (TEAMNAME,REGIONCODE,CAPTAIN,TEAMLOGO,FOUNDINGDATE,STATUS) values ('투톱체제','G1','deayeon','default.png',to_date('18/05/12','RR/MM/DD'),'Y');
Insert into DLEAGUE.TEAM (TEAMNAME,REGIONCODE,CAPTAIN,TEAMLOGO,FOUNDINGDATE,STATUS) values ('testTeam22','G1','test22','default.png',to_date('18/05/13','RR/MM/DD'),'Y');
Insert into DLEAGUE.TEAM (TEAMNAME,REGIONCODE,CAPTAIN,TEAMLOGO,FOUNDINGDATE,STATUS) values ('얍','G2','raccoon200','20180217_110222952_789.jpg',to_date('18/05/17','RR/MM/DD'),'N');
Insert into DLEAGUE.TEAM (TEAMNAME,REGIONCODE,CAPTAIN,TEAMLOGO,FOUNDINGDATE,STATUS) values ('테스트중','G1','member1',null,to_date('18/05/16','RR/MM/DD'),'N');
Insert into DLEAGUE.TEAM (TEAMNAME,REGIONCODE,CAPTAIN,TEAMLOGO,FOUNDINGDATE,STATUS) values ('안녕팀','G1','yeon','20185119_235157733_161.png',to_date('18/05/19','RR/MM/DD'),'Y');
Insert into DLEAGUE.TEAM (TEAMNAME,REGIONCODE,CAPTAIN,TEAMLOGO,FOUNDINGDATE,STATUS) values ('zgs','G5','yeon','default.png',to_date('18/05/16','RR/MM/DD'),'N');
Insert into DLEAGUE.TEAM (TEAMNAME,REGIONCODE,CAPTAIN,TEAMLOGO,FOUNDINGDATE,STATUS) values ('testTeam1','G1','test1','tigers.png',to_date('18/05/11','RR/MM/DD'),'Y');
Insert into DLEAGUE.TEAM (TEAMNAME,REGIONCODE,CAPTAIN,TEAMLOGO,FOUNDINGDATE,STATUS) values ('testTeam2','G3','test2',null,to_date('18/05/11','RR/MM/DD'),'N');
Insert into DLEAGUE.TEAM (TEAMNAME,REGIONCODE,CAPTAIN,TEAMLOGO,FOUNDINGDATE,STATUS) values ('삼성라이온즈','G6','test2','20183920_153955196_233.jpg',to_date('18/05/20','RR/MM/DD'),'Y');
REM INSERTING into DLEAGUE.TEAM_MEMBER
SET DEFINE OFF;
Insert into DLEAGUE.TEAM_MEMBER (USERID,TEAMNAME,T_ENROLLDATE,GRADE) values ('test5','testTeam5',to_date('18/05/20','RR/MM/DD'),'팀장');
Insert into DLEAGUE.TEAM_MEMBER (USERID,TEAMNAME,T_ENROLLDATE,GRADE) values ('test3','testTeam3',to_date('18/05/12','RR/MM/DD'),'팀장');
Insert into DLEAGUE.TEAM_MEMBER (USERID,TEAMNAME,T_ENROLLDATE,GRADE) values ('test4','testTeam4',to_date('18/05/14','RR/MM/DD'),'팀장');
Insert into DLEAGUE.TEAM_MEMBER (USERID,TEAMNAME,T_ENROLLDATE,GRADE) values ('test6','testTeam6',to_date('18/05/12','RR/MM/DD'),'팀장');
Insert into DLEAGUE.TEAM_MEMBER (USERID,TEAMNAME,T_ENROLLDATE,GRADE) values ('test7','testTeam7',to_date('18/05/12','RR/MM/DD'),'팀장');
Insert into DLEAGUE.TEAM_MEMBER (USERID,TEAMNAME,T_ENROLLDATE,GRADE) values ('test9','testTeam9',to_date('18/05/12','RR/MM/DD'),'팀장');
Insert into DLEAGUE.TEAM_MEMBER (USERID,TEAMNAME,T_ENROLLDATE,GRADE) values ('test10','testTeam10',to_date('18/05/12','RR/MM/DD'),'팀장');
Insert into DLEAGUE.TEAM_MEMBER (USERID,TEAMNAME,T_ENROLLDATE,GRADE) values ('deayeon','투톱체제',to_date('18/05/12','RR/MM/DD'),'팀장');
Insert into DLEAGUE.TEAM_MEMBER (USERID,TEAMNAME,T_ENROLLDATE,GRADE) values ('test15','testTeam15',to_date('18/05/12','RR/MM/DD'),'팀장');
Insert into DLEAGUE.TEAM_MEMBER (USERID,TEAMNAME,T_ENROLLDATE,GRADE) values ('test16','testTeam16',to_date('18/05/12','RR/MM/DD'),'팀장');
Insert into DLEAGUE.TEAM_MEMBER (USERID,TEAMNAME,T_ENROLLDATE,GRADE) values ('test23','testTeam23',to_date('18/05/12','RR/MM/DD'),'팀장');
Insert into DLEAGUE.TEAM_MEMBER (USERID,TEAMNAME,T_ENROLLDATE,GRADE) values ('test24','testTeam24',to_date('18/05/12','RR/MM/DD'),'팀장');
Insert into DLEAGUE.TEAM_MEMBER (USERID,TEAMNAME,T_ENROLLDATE,GRADE) values ('test25','testTeam25',to_date('18/05/12','RR/MM/DD'),'팀장');
Insert into DLEAGUE.TEAM_MEMBER (USERID,TEAMNAME,T_ENROLLDATE,GRADE) values ('test26','testTeam26',to_date('18/05/12','RR/MM/DD'),'팀장');
Insert into DLEAGUE.TEAM_MEMBER (USERID,TEAMNAME,T_ENROLLDATE,GRADE) values ('test27','testTeam27',to_date('18/05/12','RR/MM/DD'),'팀장');
Insert into DLEAGUE.TEAM_MEMBER (USERID,TEAMNAME,T_ENROLLDATE,GRADE) values ('test28','testTeam28',to_date('18/05/12','RR/MM/DD'),'팀장');
Insert into DLEAGUE.TEAM_MEMBER (USERID,TEAMNAME,T_ENROLLDATE,GRADE) values ('test29','testTeam29',to_date('18/05/12','RR/MM/DD'),'팀장');
Insert into DLEAGUE.TEAM_MEMBER (USERID,TEAMNAME,T_ENROLLDATE,GRADE) values ('test30','testTeam30',to_date('18/05/12','RR/MM/DD'),'팀장');
Insert into DLEAGUE.TEAM_MEMBER (USERID,TEAMNAME,T_ENROLLDATE,GRADE) values ('member5','testTeam5',to_date('18/05/14','RR/MM/DD'),'팀원');
Insert into DLEAGUE.TEAM_MEMBER (USERID,TEAMNAME,T_ENROLLDATE,GRADE) values ('test22','testTeam22',to_date('18/05/14','RR/MM/DD'),'팀장');
Insert into DLEAGUE.TEAM_MEMBER (USERID,TEAMNAME,T_ENROLLDATE,GRADE) values ('test1','testTeam1',to_date('18/05/15','RR/MM/DD'),'팀장');
Insert into DLEAGUE.TEAM_MEMBER (USERID,TEAMNAME,T_ENROLLDATE,GRADE) values ('yeon','안녕팀',to_date('18/05/19','RR/MM/DD'),'팀장');
Insert into DLEAGUE.TEAM_MEMBER (USERID,TEAMNAME,T_ENROLLDATE,GRADE) values ('test8','testTeam7',to_date('18/05/20','RR/MM/DD'),'팀원');
Insert into DLEAGUE.TEAM_MEMBER (USERID,TEAMNAME,T_ENROLLDATE,GRADE) values ('raccoon200','testTeam1',to_date('18/05/20','RR/MM/DD'),'팀원');
Insert into DLEAGUE.TEAM_MEMBER (USERID,TEAMNAME,T_ENROLLDATE,GRADE) values ('test2','삼성라이온즈',to_date('18/05/20','RR/MM/DD'),'팀장');
REM INSERTING into DLEAGUE.TEAM_REGISTER
SET DEFINE OFF;
Insert into DLEAGUE.TEAM_REGISTER (TEAM_REGISTER_NO,TEAMNAME,T_REGISTER_WRITER,REGIONCODE,TEAMLOGO,REGISTER_MSG,REGISTER_DATE,STATUS) values (27,'sxs','test19','G1','default.png','saxs',to_date('18/05/20','RR/MM/DD'),null);
Insert into DLEAGUE.TEAM_REGISTER (TEAM_REGISTER_NO,TEAMNAME,T_REGISTER_WRITER,REGIONCODE,TEAMLOGO,REGISTER_MSG,REGISTER_DATE,STATUS) values (28,'sxs','test19','G1','default.png','saxs',to_date('18/05/20','RR/MM/DD'),'N');
Insert into DLEAGUE.TEAM_REGISTER (TEAM_REGISTER_NO,TEAMNAME,T_REGISTER_WRITER,REGIONCODE,TEAMLOGO,REGISTER_MSG,REGISTER_DATE,STATUS) values (30,'삼성라이온즈','test2','G6','20183920_153955196_233.jpg','test',to_date('18/05/20','RR/MM/DD'),'Y');
Insert into DLEAGUE.TEAM_REGISTER (TEAM_REGISTER_NO,TEAMNAME,T_REGISTER_WRITER,REGIONCODE,TEAMLOGO,REGISTER_MSG,REGISTER_DATE,STATUS) values (26,'안녕팀','yeon','G1','20185119_235157733_161.png','허가해주세요',to_date('18/05/19','RR/MM/DD'),'Y');
Insert into DLEAGUE.TEAM_REGISTER (TEAM_REGISTER_NO,TEAMNAME,T_REGISTER_WRITER,REGIONCODE,TEAMLOGO,REGISTER_MSG,REGISTER_DATE,STATUS) values (29,'tt','member2','G1','default.png','tt',to_date('18/05/20','RR/MM/DD'),'N');
REM INSERTING into DLEAGUE.WAITTEAM
SET DEFINE OFF;
Insert into DLEAGUE.WAITTEAM (WAIT_NO,TEAMNAME,GAME_NO,STATUS) values (13,'testTeam1',9,'Y');
Insert into DLEAGUE.WAITTEAM (WAIT_NO,TEAMNAME,GAME_NO,STATUS) values (18,'testTeam5',14,'N');
Insert into DLEAGUE.WAITTEAM (WAIT_NO,TEAMNAME,GAME_NO,STATUS) values (21,'testTeam1',15,'Y');
Insert into DLEAGUE.WAITTEAM (WAIT_NO,TEAMNAME,GAME_NO,STATUS) values (23,'testTeam6',18,'Y');
Insert into DLEAGUE.WAITTEAM (WAIT_NO,TEAMNAME,GAME_NO,STATUS) values (9,'testTeam5',3,'Y');
Insert into DLEAGUE.WAITTEAM (WAIT_NO,TEAMNAME,GAME_NO,STATUS) values (16,'testTeam1',8,'Y');
Insert into DLEAGUE.WAITTEAM (WAIT_NO,TEAMNAME,GAME_NO,STATUS) values (15,'testTeam2',12,'Y');
Insert into DLEAGUE.WAITTEAM (WAIT_NO,TEAMNAME,GAME_NO,STATUS) values (19,'testTeam1',14,'Y');
Insert into DLEAGUE.WAITTEAM (WAIT_NO,TEAMNAME,GAME_NO,STATUS) values (14,'testTeam1',11,'Y');
Insert into DLEAGUE.WAITTEAM (WAIT_NO,TEAMNAME,GAME_NO,STATUS) values (20,'testTeam1',14,'Y');
Insert into DLEAGUE.WAITTEAM (WAIT_NO,TEAMNAME,GAME_NO,STATUS) values (22,'testTeam1',16,null);
Insert into DLEAGUE.WAITTEAM (WAIT_NO,TEAMNAME,GAME_NO,STATUS) values (10,'testTeam5',6,'Y');
Insert into DLEAGUE.WAITTEAM (WAIT_NO,TEAMNAME,GAME_NO,STATUS) values (11,'testTeam5',10,'N');
Insert into DLEAGUE.WAITTEAM (WAIT_NO,TEAMNAME,GAME_NO,STATUS) values (12,'testTeam3',10,'Y');
Insert into DLEAGUE.WAITTEAM (WAIT_NO,TEAMNAME,GAME_NO,STATUS) values (17,'testTeam1',13,'Y');
Insert into DLEAGUE.WAITTEAM (WAIT_NO,TEAMNAME,GAME_NO,STATUS) values (25,'삼성라이온즈',20,'Y');
--------------------------------------------------------
--  DDL for Index PK_TBL_USER
--------------------------------------------------------

  CREATE UNIQUE INDEX "DLEAGUE"."PK_TBL_USER" ON "DLEAGUE"."TBL_USER" ("USERID") 
  PCTFREE 10 INITRANS 2 MAXTRANS 255 COMPUTE STATISTICS 
  STORAGE(INITIAL 65536 NEXT 1048576 MINEXTENTS 1 MAXEXTENTS 2147483645
  PCTINCREASE 0 FREELISTS 1 FREELIST GROUPS 1 BUFFER_POOL DEFAULT FLASH_CACHE DEFAULT CELL_FLASH_CACHE DEFAULT)
  TABLESPACE "USERS" ;
--------------------------------------------------------
--  DDL for Index PK_GAME
--------------------------------------------------------

  CREATE UNIQUE INDEX "DLEAGUE"."PK_GAME" ON "DLEAGUE"."GAME" ("GAME_NO") 
  PCTFREE 10 INITRANS 2 MAXTRANS 255 COMPUTE STATISTICS 
  STORAGE(INITIAL 65536 NEXT 1048576 MINEXTENTS 1 MAXEXTENTS 2147483645
  PCTINCREASE 0 FREELISTS 1 FREELIST GROUPS 1 BUFFER_POOL DEFAULT FLASH_CACHE DEFAULT CELL_FLASH_CACHE DEFAULT)
  TABLESPACE "USERS" ;
--------------------------------------------------------
--  DDL for Index PK_TBL_DELETE_USER
--------------------------------------------------------

  CREATE UNIQUE INDEX "DLEAGUE"."PK_TBL_DELETE_USER" ON "DLEAGUE"."TBL_DELETE_USER" ("DELETE_NO") 
  PCTFREE 10 INITRANS 2 MAXTRANS 255 COMPUTE STATISTICS 
  STORAGE(INITIAL 65536 NEXT 1048576 MINEXTENTS 1 MAXEXTENTS 2147483645
  PCTINCREASE 0 FREELISTS 1 FREELIST GROUPS 1 BUFFER_POOL DEFAULT FLASH_CACHE DEFAULT CELL_FLASH_CACHE DEFAULT)
  TABLESPACE "USERS" ;
--------------------------------------------------------
--  DDL for Index PK_BOARD_FREE
--------------------------------------------------------

  CREATE UNIQUE INDEX "DLEAGUE"."PK_BOARD_FREE" ON "DLEAGUE"."BOARD_FREE" ("BOARD_FREE_NO") 
  PCTFREE 10 INITRANS 2 MAXTRANS 255 COMPUTE STATISTICS 
  STORAGE(INITIAL 65536 NEXT 1048576 MINEXTENTS 1 MAXEXTENTS 2147483645
  PCTINCREASE 0 FREELISTS 1 FREELIST GROUPS 1 BUFFER_POOL DEFAULT FLASH_CACHE DEFAULT CELL_FLASH_CACHE DEFAULT)
  TABLESPACE "USERS" ;
--------------------------------------------------------
--  DDL for Index PK_BOARD_REGION_COMMENT
--------------------------------------------------------

  CREATE UNIQUE INDEX "DLEAGUE"."PK_BOARD_REGION_COMMENT" ON "DLEAGUE"."BOARD_REGION_COMMENT" ("BOARD_REGION_COMMENT_NO") 
  PCTFREE 10 INITRANS 2 MAXTRANS 255 COMPUTE STATISTICS 
  STORAGE(INITIAL 65536 NEXT 1048576 MINEXTENTS 1 MAXEXTENTS 2147483645
  PCTINCREASE 0 FREELISTS 1 FREELIST GROUPS 1 BUFFER_POOL DEFAULT FLASH_CACHE DEFAULT CELL_FLASH_CACHE DEFAULT)
  TABLESPACE "USERS" ;
--------------------------------------------------------
--  DDL for Index PK_MEMBER_REGISTER
--------------------------------------------------------

  CREATE UNIQUE INDEX "DLEAGUE"."PK_MEMBER_REGISTER" ON "DLEAGUE"."MEMBER_REGISTER" ("MEMBER_REGISTER_NO") 
  PCTFREE 10 INITRANS 2 MAXTRANS 255 COMPUTE STATISTICS 
  STORAGE(INITIAL 65536 NEXT 1048576 MINEXTENTS 1 MAXEXTENTS 2147483645
  PCTINCREASE 0 FREELISTS 1 FREELIST GROUPS 1 BUFFER_POOL DEFAULT FLASH_CACHE DEFAULT CELL_FLASH_CACHE DEFAULT)
  TABLESPACE "USERS" ;
--------------------------------------------------------
--  DDL for Index PK_FREE_FREE_COMMENT
--------------------------------------------------------

  CREATE UNIQUE INDEX "DLEAGUE"."PK_FREE_FREE_COMMENT" ON "DLEAGUE"."BOARD_FREE_COMMENT" ("BOARD_FREE_COMMENT_NO") 
  PCTFREE 10 INITRANS 2 MAXTRANS 255 COMPUTE STATISTICS 
  STORAGE(INITIAL 65536 NEXT 1048576 MINEXTENTS 1 MAXEXTENTS 2147483645
  PCTINCREASE 0 FREELISTS 1 FREELIST GROUPS 1 BUFFER_POOL DEFAULT FLASH_CACHE DEFAULT CELL_FLASH_CACHE DEFAULT)
  TABLESPACE "USERS" ;
--------------------------------------------------------
--  DDL for Index PK_WAITTEAM
--------------------------------------------------------

  CREATE UNIQUE INDEX "DLEAGUE"."PK_WAITTEAM" ON "DLEAGUE"."WAITTEAM" ("WAIT_NO") 
  PCTFREE 10 INITRANS 2 MAXTRANS 255 COMPUTE STATISTICS 
  STORAGE(INITIAL 65536 NEXT 1048576 MINEXTENTS 1 MAXEXTENTS 2147483645
  PCTINCREASE 0 FREELISTS 1 FREELIST GROUPS 1 BUFFER_POOL DEFAULT FLASH_CACHE DEFAULT CELL_FLASH_CACHE DEFAULT)
  TABLESPACE "USERS" ;
--------------------------------------------------------
--  DDL for Index PK_ACTIVITY
--------------------------------------------------------

  CREATE UNIQUE INDEX "DLEAGUE"."PK_ACTIVITY" ON "DLEAGUE"."ACTIVITY" ("ACTIVITY_NO") 
  PCTFREE 10 INITRANS 2 MAXTRANS 255 COMPUTE STATISTICS 
  STORAGE(INITIAL 65536 NEXT 1048576 MINEXTENTS 1 MAXEXTENTS 2147483645
  PCTINCREASE 0 FREELISTS 1 FREELIST GROUPS 1 BUFFER_POOL DEFAULT FLASH_CACHE DEFAULT CELL_FLASH_CACHE DEFAULT)
  TABLESPACE "USERS" ;
--------------------------------------------------------
--  DDL for Index PK_TEAM
--------------------------------------------------------

  CREATE UNIQUE INDEX "DLEAGUE"."PK_TEAM" ON "DLEAGUE"."TEAM" ("TEAMNAME") 
  PCTFREE 10 INITRANS 2 MAXTRANS 255 COMPUTE STATISTICS 
  STORAGE(INITIAL 65536 NEXT 1048576 MINEXTENTS 1 MAXEXTENTS 2147483645
  PCTINCREASE 0 FREELISTS 1 FREELIST GROUPS 1 BUFFER_POOL DEFAULT FLASH_CACHE DEFAULT CELL_FLASH_CACHE DEFAULT)
  TABLESPACE "USERS" ;
--------------------------------------------------------
--  DDL for Index PK_COMPLAIN
--------------------------------------------------------

  CREATE UNIQUE INDEX "DLEAGUE"."PK_COMPLAIN" ON "DLEAGUE"."COMPLAIN" ("COMPLAIN_NO") 
  PCTFREE 10 INITRANS 2 MAXTRANS 255 COMPUTE STATISTICS 
  STORAGE(INITIAL 65536 NEXT 1048576 MINEXTENTS 1 MAXEXTENTS 2147483645
  PCTINCREASE 0 FREELISTS 1 FREELIST GROUPS 1 BUFFER_POOL DEFAULT FLASH_CACHE DEFAULT CELL_FLASH_CACHE DEFAULT)
  TABLESPACE "USERS" ;
--------------------------------------------------------
--  DDL for Index PK_BOARD_REGION
--------------------------------------------------------

  CREATE UNIQUE INDEX "DLEAGUE"."PK_BOARD_REGION" ON "DLEAGUE"."BOARD_REGION" ("BOARD_REGION_NO") 
  PCTFREE 10 INITRANS 2 MAXTRANS 255 COMPUTE STATISTICS 
  STORAGE(INITIAL 65536 NEXT 1048576 MINEXTENTS 1 MAXEXTENTS 2147483645
  PCTINCREASE 0 FREELISTS 1 FREELIST GROUPS 1 BUFFER_POOL DEFAULT FLASH_CACHE DEFAULT CELL_FLASH_CACHE DEFAULT)
  TABLESPACE "USERS" ;
--------------------------------------------------------
--  DDL for Index PK_TEAM_REGISTER
--------------------------------------------------------

  CREATE UNIQUE INDEX "DLEAGUE"."PK_TEAM_REGISTER" ON "DLEAGUE"."TEAM_REGISTER" ("TEAM_REGISTER_NO") 
  PCTFREE 10 INITRANS 2 MAXTRANS 255 COMPUTE STATISTICS 
  STORAGE(INITIAL 65536 NEXT 1048576 MINEXTENTS 1 MAXEXTENTS 2147483645
  PCTINCREASE 0 FREELISTS 1 FREELIST GROUPS 1 BUFFER_POOL DEFAULT FLASH_CACHE DEFAULT CELL_FLASH_CACHE DEFAULT)
  TABLESPACE "USERS" ;
--------------------------------------------------------
--  DDL for Index PK_REGION
--------------------------------------------------------

  CREATE UNIQUE INDEX "DLEAGUE"."PK_REGION" ON "DLEAGUE"."REGION" ("REGIONCODE") 
  PCTFREE 10 INITRANS 2 MAXTRANS 255 COMPUTE STATISTICS 
  STORAGE(INITIAL 65536 NEXT 1048576 MINEXTENTS 1 MAXEXTENTS 2147483645
  PCTINCREASE 0 FREELISTS 1 FREELIST GROUPS 1 BUFFER_POOL DEFAULT FLASH_CACHE DEFAULT CELL_FLASH_CACHE DEFAULT)
  TABLESPACE "USERS" ;
--------------------------------------------------------
--  DDL for Index PK_NOTICE
--------------------------------------------------------

  CREATE UNIQUE INDEX "DLEAGUE"."PK_NOTICE" ON "DLEAGUE"."NOTICE" ("NOTICE_NO") 
  PCTFREE 10 INITRANS 2 MAXTRANS 255 COMPUTE STATISTICS 
  STORAGE(INITIAL 65536 NEXT 1048576 MINEXTENTS 1 MAXEXTENTS 2147483645
  PCTINCREASE 0 FREELISTS 1 FREELIST GROUPS 1 BUFFER_POOL DEFAULT FLASH_CACHE DEFAULT CELL_FLASH_CACHE DEFAULT)
  TABLESPACE "USERS" ;
--------------------------------------------------------
--  DDL for Index PK_TEAM_MEMBER
--------------------------------------------------------

  CREATE UNIQUE INDEX "DLEAGUE"."PK_TEAM_MEMBER" ON "DLEAGUE"."TEAM_MEMBER" ("USERID") 
  PCTFREE 10 INITRANS 2 MAXTRANS 255 COMPUTE STATISTICS 
  STORAGE(INITIAL 65536 NEXT 1048576 MINEXTENTS 1 MAXEXTENTS 2147483645
  PCTINCREASE 0 FREELISTS 1 FREELIST GROUPS 1 BUFFER_POOL DEFAULT FLASH_CACHE DEFAULT CELL_FLASH_CACHE DEFAULT)
  TABLESPACE "USERS" ;
--------------------------------------------------------
--  DDL for Trigger MEMBER_REGISTER_YN
--------------------------------------------------------

  CREATE OR REPLACE TRIGGER "DLEAGUE"."MEMBER_REGISTER_YN" 
after update of yn on member_register
for each row
 WHEN (new.yn = 'Y') begin
   update tbl_user set teamname = :new.teamname, grade = '팀원' where userid = :new.userid;
end;

/
ALTER TRIGGER "DLEAGUE"."MEMBER_REGISTER_YN" ENABLE;
--------------------------------------------------------
--  DDL for Trigger TB_USER_DELETE
--------------------------------------------------------

  CREATE OR REPLACE TRIGGER "DLEAGUE"."TB_USER_DELETE" 
after delete on tbl_user
for each row
begin
    insert into tbl_delete_user values (seq_game_no.nextval, :old.userid, :old.password, :old.username,:old.regioncode, :old.phone, :old.profile, :old.photo, sysdate);
end;

/
ALTER TRIGGER "DLEAGUE"."TB_USER_DELETE" ENABLE;
--------------------------------------------------------
--  DDL for Trigger TRG_ADD_TEAM_MEMBER
--------------------------------------------------------

  CREATE OR REPLACE TRIGGER "DLEAGUE"."TRG_ADD_TEAM_MEMBER" 
after update of grade on tbl_user
for each row
 WHEN ( old.grade='선수' and new.grade='팀원' and new.teamname is not null) begin
dbms_output.put_line('트리거 실행');
insert into team_member values (:old.userid, :new.teamname, sysdate, :new.grade);
end;

/
ALTER TRIGGER "DLEAGUE"."TRG_ADD_TEAM_MEMBER" ENABLE;
--------------------------------------------------------
--  DDL for Trigger TRG_GAME_STATUSY
--------------------------------------------------------

  CREATE OR REPLACE TRIGGER "DLEAGUE"."TRG_GAME_STATUSY" 
after update of status on game
for each row 
 WHEN (new.status = 'Y') begin
    insert into activity values (:new.game_no, :new.home, :new.away, :new.place, :new.gamedate, :new.game_content);
end;

/
ALTER TRIGGER "DLEAGUE"."TRG_GAME_STATUSY" ENABLE;
--------------------------------------------------------
--  DDL for Trigger TRG_UPDATE_GRADE
--------------------------------------------------------

  CREATE OR REPLACE TRIGGER "DLEAGUE"."TRG_UPDATE_GRADE" 
after update of grade on tbl_user
for each row
 WHEN (new.grade='팀원' or new.grade= '팀장' and new.teamname is not null) begin
dbms_output.put_line('트리거 실행');
update team_member set grade = :new.grade where userid= :new.userid;
end;

/
ALTER TRIGGER "DLEAGUE"."TRG_UPDATE_GRADE" ENABLE;
--------------------------------------------------------
--  DDL for Trigger TRG_UPDATE_LEADER
--------------------------------------------------------

  CREATE OR REPLACE TRIGGER "DLEAGUE"."TRG_UPDATE_LEADER" 
after update of grade on team_member
for each row
 WHEN (new.grade= '팀장' and new.teamname is not null) begin
dbms_output.put_line('트리거 실행');
update team set captain = :new.userid where teamname = :new.teamname;
end;

/
ALTER TRIGGER "DLEAGUE"."TRG_UPDATE_LEADER" ENABLE;
--------------------------------------------------------
--  DDL for Trigger TRG_WAITTEAM_STATUS_Y
--------------------------------------------------------

  CREATE OR REPLACE TRIGGER "DLEAGUE"."TRG_WAITTEAM_STATUS_Y" 
after update of status on waitteam
for each row
 WHEN (new.status='Y') begin
update game set away = :old.teamname where game_no = :old.game_no;
end;

/
ALTER TRIGGER "DLEAGUE"."TRG_WAITTEAM_STATUS_Y" ENABLE;
--------------------------------------------------------
--  Constraints for Table ACTIVITY
--------------------------------------------------------

  ALTER TABLE "DLEAGUE"."ACTIVITY" MODIFY ("ACTIVITY_NO" NOT NULL ENABLE);
  ALTER TABLE "DLEAGUE"."ACTIVITY" MODIFY ("HOME" NOT NULL ENABLE);
  ALTER TABLE "DLEAGUE"."ACTIVITY" MODIFY ("AWAY" NOT NULL ENABLE);
  ALTER TABLE "DLEAGUE"."ACTIVITY" MODIFY ("PLACE" NOT NULL ENABLE);
  ALTER TABLE "DLEAGUE"."ACTIVITY" MODIFY ("ACTIVITYDATE" NOT NULL ENABLE);
  ALTER TABLE "DLEAGUE"."ACTIVITY" MODIFY ("RESULT" NOT NULL ENABLE);
  ALTER TABLE "DLEAGUE"."ACTIVITY" ADD CONSTRAINT "PK_ACTIVITY" PRIMARY KEY ("ACTIVITY_NO")
  USING INDEX PCTFREE 10 INITRANS 2 MAXTRANS 255 COMPUTE STATISTICS 
  STORAGE(INITIAL 65536 NEXT 1048576 MINEXTENTS 1 MAXEXTENTS 2147483645
  PCTINCREASE 0 FREELISTS 1 FREELIST GROUPS 1 BUFFER_POOL DEFAULT FLASH_CACHE DEFAULT CELL_FLASH_CACHE DEFAULT)
  TABLESPACE "USERS"  ENABLE;
--------------------------------------------------------
--  Constraints for Table NOTICE
--------------------------------------------------------

  ALTER TABLE "DLEAGUE"."NOTICE" MODIFY ("NOTICE_NO" NOT NULL ENABLE);
  ALTER TABLE "DLEAGUE"."NOTICE" MODIFY ("NOTICE_TITLE" NOT NULL ENABLE);
  ALTER TABLE "DLEAGUE"."NOTICE" MODIFY ("NOTICE_WRITER" NOT NULL ENABLE);
  ALTER TABLE "DLEAGUE"."NOTICE" MODIFY ("NOTICE_CONTENT" NOT NULL ENABLE);
  ALTER TABLE "DLEAGUE"."NOTICE" MODIFY ("NOTICE_DATE" NOT NULL ENABLE);
  ALTER TABLE "DLEAGUE"."NOTICE" MODIFY ("STATUS" NOT NULL ENABLE);
  ALTER TABLE "DLEAGUE"."NOTICE" ADD CONSTRAINT "PK_NOTICE" PRIMARY KEY ("NOTICE_NO")
  USING INDEX PCTFREE 10 INITRANS 2 MAXTRANS 255 COMPUTE STATISTICS 
  STORAGE(INITIAL 65536 NEXT 1048576 MINEXTENTS 1 MAXEXTENTS 2147483645
  PCTINCREASE 0 FREELISTS 1 FREELIST GROUPS 1 BUFFER_POOL DEFAULT FLASH_CACHE DEFAULT CELL_FLASH_CACHE DEFAULT)
  TABLESPACE "USERS"  ENABLE;
--------------------------------------------------------
--  Constraints for Table TBL_USER
--------------------------------------------------------

  ALTER TABLE "DLEAGUE"."TBL_USER" MODIFY ("USERID" NOT NULL ENABLE);
  ALTER TABLE "DLEAGUE"."TBL_USER" MODIFY ("PASSWORD" NOT NULL ENABLE);
  ALTER TABLE "DLEAGUE"."TBL_USER" MODIFY ("USERNAME" NOT NULL ENABLE);
  ALTER TABLE "DLEAGUE"."TBL_USER" MODIFY ("REGIONCODE" NOT NULL ENABLE);
  ALTER TABLE "DLEAGUE"."TBL_USER" MODIFY ("PHONE" NOT NULL ENABLE);
  ALTER TABLE "DLEAGUE"."TBL_USER" MODIFY ("GRADE" NOT NULL ENABLE);
  ALTER TABLE "DLEAGUE"."TBL_USER" MODIFY ("ENROLLDATE" NOT NULL ENABLE);
  ALTER TABLE "DLEAGUE"."TBL_USER" ADD CONSTRAINT "PK_TBL_USER" PRIMARY KEY ("USERID")
  USING INDEX PCTFREE 10 INITRANS 2 MAXTRANS 255 COMPUTE STATISTICS 
  STORAGE(INITIAL 65536 NEXT 1048576 MINEXTENTS 1 MAXEXTENTS 2147483645
  PCTINCREASE 0 FREELISTS 1 FREELIST GROUPS 1 BUFFER_POOL DEFAULT FLASH_CACHE DEFAULT CELL_FLASH_CACHE DEFAULT)
  TABLESPACE "USERS"  ENABLE;
  ALTER TABLE "DLEAGUE"."TBL_USER" MODIFY ("BIRTHDAY" NOT NULL ENABLE);
--------------------------------------------------------
--  Constraints for Table BOARD_REGION_COMMENT
--------------------------------------------------------

  ALTER TABLE "DLEAGUE"."BOARD_REGION_COMMENT" MODIFY ("BOARD_REGION_COMMENT_NO" NOT NULL ENABLE);
  ALTER TABLE "DLEAGUE"."BOARD_REGION_COMMENT" MODIFY ("BOARD_REGION_COMMENT_LEVEL" NOT NULL ENABLE);
  ALTER TABLE "DLEAGUE"."BOARD_REGION_COMMENT" MODIFY ("BOARD_REGION_COMMENT_WRITER" NOT NULL ENABLE);
  ALTER TABLE "DLEAGUE"."BOARD_REGION_COMMENT" MODIFY ("BOARD_REGION_COMMENT_CONTENT" NOT NULL ENABLE);
  ALTER TABLE "DLEAGUE"."BOARD_REGION_COMMENT" MODIFY ("BOARD_REGION_COMMENT_DATE" NOT NULL ENABLE);
  ALTER TABLE "DLEAGUE"."BOARD_REGION_COMMENT" ADD CONSTRAINT "PK_BOARD_REGION_COMMENT" PRIMARY KEY ("BOARD_REGION_COMMENT_NO")
  USING INDEX PCTFREE 10 INITRANS 2 MAXTRANS 255 COMPUTE STATISTICS 
  STORAGE(INITIAL 65536 NEXT 1048576 MINEXTENTS 1 MAXEXTENTS 2147483645
  PCTINCREASE 0 FREELISTS 1 FREELIST GROUPS 1 BUFFER_POOL DEFAULT FLASH_CACHE DEFAULT CELL_FLASH_CACHE DEFAULT)
  TABLESPACE "USERS"  ENABLE;
--------------------------------------------------------
--  Constraints for Table GAME
--------------------------------------------------------

  ALTER TABLE "DLEAGUE"."GAME" MODIFY ("GAME_NO" NOT NULL ENABLE);
  ALTER TABLE "DLEAGUE"."GAME" MODIFY ("HOME" NOT NULL ENABLE);
  ALTER TABLE "DLEAGUE"."GAME" MODIFY ("GAMEDATE" NOT NULL ENABLE);
  ALTER TABLE "DLEAGUE"."GAME" MODIFY ("GAME_REG_DATE" NOT NULL ENABLE);
  ALTER TABLE "DLEAGUE"."GAME" MODIFY ("PLACE" NOT NULL ENABLE);
  ALTER TABLE "DLEAGUE"."GAME" MODIFY ("START_TIME" NOT NULL ENABLE);
  ALTER TABLE "DLEAGUE"."GAME" ADD CONSTRAINT "PK_GAME" PRIMARY KEY ("GAME_NO")
  USING INDEX PCTFREE 10 INITRANS 2 MAXTRANS 255 COMPUTE STATISTICS 
  STORAGE(INITIAL 65536 NEXT 1048576 MINEXTENTS 1 MAXEXTENTS 2147483645
  PCTINCREASE 0 FREELISTS 1 FREELIST GROUPS 1 BUFFER_POOL DEFAULT FLASH_CACHE DEFAULT CELL_FLASH_CACHE DEFAULT)
  TABLESPACE "USERS"  ENABLE;
--------------------------------------------------------
--  Constraints for Table COMPLAIN
--------------------------------------------------------

  ALTER TABLE "DLEAGUE"."COMPLAIN" MODIFY ("COMPLAIN_NO" NOT NULL ENABLE);
  ALTER TABLE "DLEAGUE"."COMPLAIN" MODIFY ("COMPLAIN_TITLE" NOT NULL ENABLE);
  ALTER TABLE "DLEAGUE"."COMPLAIN" MODIFY ("COMPLAIN_WRITER" NOT NULL ENABLE);
  ALTER TABLE "DLEAGUE"."COMPLAIN" MODIFY ("COMPLAIN_DATE" NOT NULL ENABLE);
  ALTER TABLE "DLEAGUE"."COMPLAIN" MODIFY ("COMPLAIN_CONTENT" NOT NULL ENABLE);
  ALTER TABLE "DLEAGUE"."COMPLAIN" MODIFY ("COMPLAIN_TYPE" NOT NULL ENABLE);
  ALTER TABLE "DLEAGUE"."COMPLAIN" ADD CONSTRAINT "PK_COMPLAIN" PRIMARY KEY ("COMPLAIN_NO")
  USING INDEX PCTFREE 10 INITRANS 2 MAXTRANS 255 COMPUTE STATISTICS 
  STORAGE(INITIAL 65536 NEXT 1048576 MINEXTENTS 1 MAXEXTENTS 2147483645
  PCTINCREASE 0 FREELISTS 1 FREELIST GROUPS 1 BUFFER_POOL DEFAULT FLASH_CACHE DEFAULT CELL_FLASH_CACHE DEFAULT)
  TABLESPACE "USERS"  ENABLE;
--------------------------------------------------------
--  Constraints for Table BOARD_REGION
--------------------------------------------------------

  ALTER TABLE "DLEAGUE"."BOARD_REGION" MODIFY ("BOARD_REGION_CONTENT" NOT NULL ENABLE);
  ALTER TABLE "DLEAGUE"."BOARD_REGION" MODIFY ("BOARD_REGION_NO" NOT NULL ENABLE);
  ALTER TABLE "DLEAGUE"."BOARD_REGION" MODIFY ("BOARD_REGION_TITLE" NOT NULL ENABLE);
  ALTER TABLE "DLEAGUE"."BOARD_REGION" MODIFY ("BOARD_REGION_WRITER" NOT NULL ENABLE);
  ALTER TABLE "DLEAGUE"."BOARD_REGION" MODIFY ("BOARD_REGIONCODE" NOT NULL ENABLE);
  ALTER TABLE "DLEAGUE"."BOARD_REGION" MODIFY ("BOARD_REGION_DATE" NOT NULL ENABLE);
  ALTER TABLE "DLEAGUE"."BOARD_REGION" MODIFY ("STATUS" NOT NULL ENABLE);
  ALTER TABLE "DLEAGUE"."BOARD_REGION" MODIFY ("COUNT" NOT NULL ENABLE);
  ALTER TABLE "DLEAGUE"."BOARD_REGION" ADD CONSTRAINT "PK_BOARD_REGION" PRIMARY KEY ("BOARD_REGION_NO")
  USING INDEX PCTFREE 10 INITRANS 2 MAXTRANS 255 COMPUTE STATISTICS 
  STORAGE(INITIAL 65536 NEXT 1048576 MINEXTENTS 1 MAXEXTENTS 2147483645
  PCTINCREASE 0 FREELISTS 1 FREELIST GROUPS 1 BUFFER_POOL DEFAULT FLASH_CACHE DEFAULT CELL_FLASH_CACHE DEFAULT)
  TABLESPACE "USERS"  ENABLE;
--------------------------------------------------------
--  Constraints for Table TEAM_MEMBER
--------------------------------------------------------

  ALTER TABLE "DLEAGUE"."TEAM_MEMBER" MODIFY ("USERID" NOT NULL ENABLE);
  ALTER TABLE "DLEAGUE"."TEAM_MEMBER" MODIFY ("TEAMNAME" NOT NULL ENABLE);
  ALTER TABLE "DLEAGUE"."TEAM_MEMBER" MODIFY ("T_ENROLLDATE" NOT NULL ENABLE);
  ALTER TABLE "DLEAGUE"."TEAM_MEMBER" MODIFY ("GRADE" NOT NULL ENABLE);
  ALTER TABLE "DLEAGUE"."TEAM_MEMBER" ADD CONSTRAINT "PK_TEAM_MEMBER" PRIMARY KEY ("USERID")
  USING INDEX PCTFREE 10 INITRANS 2 MAXTRANS 255 COMPUTE STATISTICS 
  STORAGE(INITIAL 65536 NEXT 1048576 MINEXTENTS 1 MAXEXTENTS 2147483645
  PCTINCREASE 0 FREELISTS 1 FREELIST GROUPS 1 BUFFER_POOL DEFAULT FLASH_CACHE DEFAULT CELL_FLASH_CACHE DEFAULT)
  TABLESPACE "USERS"  ENABLE;
--------------------------------------------------------
--  Constraints for Table BOARD_FREE_COMMENT
--------------------------------------------------------

  ALTER TABLE "DLEAGUE"."BOARD_FREE_COMMENT" MODIFY ("BOARD_FREE_COMMENT_NO" NOT NULL ENABLE);
  ALTER TABLE "DLEAGUE"."BOARD_FREE_COMMENT" MODIFY ("BOARD_FREE_COMMENT_LEVEL" NOT NULL ENABLE);
  ALTER TABLE "DLEAGUE"."BOARD_FREE_COMMENT" MODIFY ("BOARD_FREE_COMMENT_WRITER" NOT NULL ENABLE);
  ALTER TABLE "DLEAGUE"."BOARD_FREE_COMMENT" MODIFY ("BOARD_FREE_COMMENT_CONTENT" NOT NULL ENABLE);
  ALTER TABLE "DLEAGUE"."BOARD_FREE_COMMENT" MODIFY ("BOARD_FREE_COMMENT_DATE" NOT NULL ENABLE);
  ALTER TABLE "DLEAGUE"."BOARD_FREE_COMMENT" ADD CONSTRAINT "PK_FREE_FREE_COMMENT" PRIMARY KEY ("BOARD_FREE_COMMENT_NO")
  USING INDEX PCTFREE 10 INITRANS 2 MAXTRANS 255 COMPUTE STATISTICS 
  STORAGE(INITIAL 65536 NEXT 1048576 MINEXTENTS 1 MAXEXTENTS 2147483645
  PCTINCREASE 0 FREELISTS 1 FREELIST GROUPS 1 BUFFER_POOL DEFAULT FLASH_CACHE DEFAULT CELL_FLASH_CACHE DEFAULT)
  TABLESPACE "USERS"  ENABLE;
--------------------------------------------------------
--  Constraints for Table BOARD_FREE
--------------------------------------------------------

  ALTER TABLE "DLEAGUE"."BOARD_FREE" MODIFY ("BOARD_FREE_NO" NOT NULL ENABLE);
  ALTER TABLE "DLEAGUE"."BOARD_FREE" MODIFY ("BOARD_FREE_TITLE" NOT NULL ENABLE);
  ALTER TABLE "DLEAGUE"."BOARD_FREE" MODIFY ("BOARD_FREE_WRITER" NOT NULL ENABLE);
  ALTER TABLE "DLEAGUE"."BOARD_FREE" MODIFY ("BOARD_FREE_CONTENT" NOT NULL ENABLE);
  ALTER TABLE "DLEAGUE"."BOARD_FREE" MODIFY ("BOARD_FREE_DATE" NOT NULL ENABLE);
  ALTER TABLE "DLEAGUE"."BOARD_FREE" MODIFY ("STATUS" NOT NULL ENABLE);
  ALTER TABLE "DLEAGUE"."BOARD_FREE" MODIFY ("COUNT" NOT NULL ENABLE);
  ALTER TABLE "DLEAGUE"."BOARD_FREE" ADD CONSTRAINT "PK_BOARD_FREE" PRIMARY KEY ("BOARD_FREE_NO")
  USING INDEX PCTFREE 10 INITRANS 2 MAXTRANS 255 COMPUTE STATISTICS 
  STORAGE(INITIAL 65536 NEXT 1048576 MINEXTENTS 1 MAXEXTENTS 2147483645
  PCTINCREASE 0 FREELISTS 1 FREELIST GROUPS 1 BUFFER_POOL DEFAULT FLASH_CACHE DEFAULT CELL_FLASH_CACHE DEFAULT)
  TABLESPACE "USERS"  ENABLE;
--------------------------------------------------------
--  Constraints for Table REGION
--------------------------------------------------------

  ALTER TABLE "DLEAGUE"."REGION" MODIFY ("REGIONCODE" NOT NULL ENABLE);
  ALTER TABLE "DLEAGUE"."REGION" MODIFY ("REGIONNAME" NOT NULL ENABLE);
  ALTER TABLE "DLEAGUE"."REGION" ADD CONSTRAINT "PK_REGION" PRIMARY KEY ("REGIONCODE")
  USING INDEX PCTFREE 10 INITRANS 2 MAXTRANS 255 COMPUTE STATISTICS 
  STORAGE(INITIAL 65536 NEXT 1048576 MINEXTENTS 1 MAXEXTENTS 2147483645
  PCTINCREASE 0 FREELISTS 1 FREELIST GROUPS 1 BUFFER_POOL DEFAULT FLASH_CACHE DEFAULT CELL_FLASH_CACHE DEFAULT)
  TABLESPACE "USERS"  ENABLE;
--------------------------------------------------------
--  Constraints for Table MEMBER_REGISTER
--------------------------------------------------------

  ALTER TABLE "DLEAGUE"."MEMBER_REGISTER" MODIFY ("MEMBER_REGISTER_NO" NOT NULL ENABLE);
  ALTER TABLE "DLEAGUE"."MEMBER_REGISTER" MODIFY ("USERID" NOT NULL ENABLE);
  ALTER TABLE "DLEAGUE"."MEMBER_REGISTER" MODIFY ("TEAMNAME" NOT NULL ENABLE);
  ALTER TABLE "DLEAGUE"."MEMBER_REGISTER" MODIFY ("MESSAGE" NOT NULL ENABLE);
  ALTER TABLE "DLEAGUE"."MEMBER_REGISTER" MODIFY ("REGISTER_DATE" NOT NULL ENABLE);
  ALTER TABLE "DLEAGUE"."MEMBER_REGISTER" ADD CONSTRAINT "PK_MEMBER_REGISTER" PRIMARY KEY ("MEMBER_REGISTER_NO")
  USING INDEX PCTFREE 10 INITRANS 2 MAXTRANS 255 COMPUTE STATISTICS 
  STORAGE(INITIAL 65536 NEXT 1048576 MINEXTENTS 1 MAXEXTENTS 2147483645
  PCTINCREASE 0 FREELISTS 1 FREELIST GROUPS 1 BUFFER_POOL DEFAULT FLASH_CACHE DEFAULT CELL_FLASH_CACHE DEFAULT)
  TABLESPACE "USERS"  ENABLE;
--------------------------------------------------------
--  Constraints for Table TEAM_REGISTER
--------------------------------------------------------

  ALTER TABLE "DLEAGUE"."TEAM_REGISTER" MODIFY ("TEAM_REGISTER_NO" NOT NULL ENABLE);
  ALTER TABLE "DLEAGUE"."TEAM_REGISTER" MODIFY ("TEAMNAME" NOT NULL ENABLE);
  ALTER TABLE "DLEAGUE"."TEAM_REGISTER" MODIFY ("T_REGISTER_WRITER" NOT NULL ENABLE);
  ALTER TABLE "DLEAGUE"."TEAM_REGISTER" MODIFY ("REGIONCODE" NOT NULL ENABLE);
  ALTER TABLE "DLEAGUE"."TEAM_REGISTER" MODIFY ("REGISTER_DATE" NOT NULL ENABLE);
  ALTER TABLE "DLEAGUE"."TEAM_REGISTER" ADD CONSTRAINT "PK_TEAM_REGISTER" PRIMARY KEY ("TEAM_REGISTER_NO")
  USING INDEX PCTFREE 10 INITRANS 2 MAXTRANS 255 COMPUTE STATISTICS 
  STORAGE(INITIAL 65536 NEXT 1048576 MINEXTENTS 1 MAXEXTENTS 2147483645
  PCTINCREASE 0 FREELISTS 1 FREELIST GROUPS 1 BUFFER_POOL DEFAULT FLASH_CACHE DEFAULT CELL_FLASH_CACHE DEFAULT)
  TABLESPACE "USERS"  ENABLE;
--------------------------------------------------------
--  Constraints for Table WAITTEAM
--------------------------------------------------------

  ALTER TABLE "DLEAGUE"."WAITTEAM" MODIFY ("WAIT_NO" NOT NULL ENABLE);
  ALTER TABLE "DLEAGUE"."WAITTEAM" MODIFY ("TEAMNAME" NOT NULL ENABLE);
  ALTER TABLE "DLEAGUE"."WAITTEAM" MODIFY ("GAME_NO" NOT NULL ENABLE);
  ALTER TABLE "DLEAGUE"."WAITTEAM" ADD CONSTRAINT "PK_WAITTEAM" PRIMARY KEY ("WAIT_NO")
  USING INDEX PCTFREE 10 INITRANS 2 MAXTRANS 255 COMPUTE STATISTICS 
  STORAGE(INITIAL 65536 NEXT 1048576 MINEXTENTS 1 MAXEXTENTS 2147483645
  PCTINCREASE 0 FREELISTS 1 FREELIST GROUPS 1 BUFFER_POOL DEFAULT FLASH_CACHE DEFAULT CELL_FLASH_CACHE DEFAULT)
  TABLESPACE "USERS"  ENABLE;
--------------------------------------------------------
--  Constraints for Table TBL_DELETE_USER
--------------------------------------------------------

  ALTER TABLE "DLEAGUE"."TBL_DELETE_USER" MODIFY ("DELETE_NO" NOT NULL ENABLE);
  ALTER TABLE "DLEAGUE"."TBL_DELETE_USER" MODIFY ("USERID" NOT NULL ENABLE);
  ALTER TABLE "DLEAGUE"."TBL_DELETE_USER" MODIFY ("PASSWORD" NOT NULL ENABLE);
  ALTER TABLE "DLEAGUE"."TBL_DELETE_USER" MODIFY ("USERNAME" NOT NULL ENABLE);
  ALTER TABLE "DLEAGUE"."TBL_DELETE_USER" MODIFY ("REGIONCODE" NOT NULL ENABLE);
  ALTER TABLE "DLEAGUE"."TBL_DELETE_USER" MODIFY ("PHONE" NOT NULL ENABLE);
  ALTER TABLE "DLEAGUE"."TBL_DELETE_USER" MODIFY ("DELETEDATE" NOT NULL ENABLE);
  ALTER TABLE "DLEAGUE"."TBL_DELETE_USER" ADD CONSTRAINT "PK_TBL_DELETE_USER" PRIMARY KEY ("DELETE_NO")
  USING INDEX PCTFREE 10 INITRANS 2 MAXTRANS 255 COMPUTE STATISTICS 
  STORAGE(INITIAL 65536 NEXT 1048576 MINEXTENTS 1 MAXEXTENTS 2147483645
  PCTINCREASE 0 FREELISTS 1 FREELIST GROUPS 1 BUFFER_POOL DEFAULT FLASH_CACHE DEFAULT CELL_FLASH_CACHE DEFAULT)
  TABLESPACE "USERS"  ENABLE;
--------------------------------------------------------
--  Constraints for Table TEAM
--------------------------------------------------------

  ALTER TABLE "DLEAGUE"."TEAM" MODIFY ("TEAMNAME" NOT NULL ENABLE);
  ALTER TABLE "DLEAGUE"."TEAM" MODIFY ("REGIONCODE" NOT NULL ENABLE);
  ALTER TABLE "DLEAGUE"."TEAM" MODIFY ("CAPTAIN" NOT NULL ENABLE);
  ALTER TABLE "DLEAGUE"."TEAM" MODIFY ("INTRODUCE" NOT NULL ENABLE);
  ALTER TABLE "DLEAGUE"."TEAM" MODIFY ("FOUNDINGDATE" NOT NULL ENABLE);
  ALTER TABLE "DLEAGUE"."TEAM" MODIFY ("STATUS" NOT NULL ENABLE);
  ALTER TABLE "DLEAGUE"."TEAM" ADD CONSTRAINT "PK_TEAM" PRIMARY KEY ("TEAMNAME")
  USING INDEX PCTFREE 10 INITRANS 2 MAXTRANS 255 COMPUTE STATISTICS 
  STORAGE(INITIAL 65536 NEXT 1048576 MINEXTENTS 1 MAXEXTENTS 2147483645
  PCTINCREASE 0 FREELISTS 1 FREELIST GROUPS 1 BUFFER_POOL DEFAULT FLASH_CACHE DEFAULT CELL_FLASH_CACHE DEFAULT)
  TABLESPACE "USERS"  ENABLE;
--------------------------------------------------------
--  Ref Constraints for Table ACTIVITY
--------------------------------------------------------

  ALTER TABLE "DLEAGUE"."ACTIVITY" ADD CONSTRAINT "FK_GAME_TO_ACTIVITY" FOREIGN KEY ("ACTIVITY_NO")
	  REFERENCES "DLEAGUE"."GAME" ("GAME_NO") ENABLE;
  ALTER TABLE "DLEAGUE"."ACTIVITY" ADD CONSTRAINT "FK_TEAM_TO_ACTIVITY" FOREIGN KEY ("HOME")
	  REFERENCES "DLEAGUE"."TEAM" ("TEAMNAME") ENABLE;
  ALTER TABLE "DLEAGUE"."ACTIVITY" ADD CONSTRAINT "FK_TEAM_TO_ACTIVITY2" FOREIGN KEY ("AWAY")
	  REFERENCES "DLEAGUE"."TEAM" ("TEAMNAME") ENABLE;
--------------------------------------------------------
--  Ref Constraints for Table BOARD_FREE
--------------------------------------------------------

  ALTER TABLE "DLEAGUE"."BOARD_FREE" ADD CONSTRAINT "FK_BOARD_FREE_WRITER" FOREIGN KEY ("BOARD_FREE_WRITER")
	  REFERENCES "DLEAGUE"."TBL_USER" ("USERID") ENABLE;
--------------------------------------------------------
--  Ref Constraints for Table BOARD_FREE_COMMENT
--------------------------------------------------------

  ALTER TABLE "DLEAGUE"."BOARD_FREE_COMMENT" ADD CONSTRAINT "FK_BOARD_FREE_COMMENT_WRITER" FOREIGN KEY ("BOARD_FREE_COMMENT_WRITER")
	  REFERENCES "DLEAGUE"."TBL_USER" ("USERID") ENABLE;
  ALTER TABLE "DLEAGUE"."BOARD_FREE_COMMENT" ADD CONSTRAINT "FK_FREE_FREE_COMMENT_REF" FOREIGN KEY ("BOARD_FREE_COMMENT_REF")
	  REFERENCES "DLEAGUE"."BOARD_FREE_COMMENT" ("BOARD_FREE_COMMENT_NO") ON DELETE CASCADE ENABLE;
  ALTER TABLE "DLEAGUE"."BOARD_FREE_COMMENT" ADD CONSTRAINT "FK_FREE_FREE_REF" FOREIGN KEY ("BOARD_FREE_REF")
	  REFERENCES "DLEAGUE"."BOARD_FREE" ("BOARD_FREE_NO") ON DELETE CASCADE ENABLE;
--------------------------------------------------------
--  Ref Constraints for Table BOARD_REGION
--------------------------------------------------------

  ALTER TABLE "DLEAGUE"."BOARD_REGION" ADD CONSTRAINT "FK_BOARD_REGION_CODE" FOREIGN KEY ("BOARD_REGIONCODE")
	  REFERENCES "DLEAGUE"."REGION" ("REGIONCODE") ENABLE;
  ALTER TABLE "DLEAGUE"."BOARD_REGION" ADD CONSTRAINT "FK_BOARD_USER_ID" FOREIGN KEY ("BOARD_REGION_WRITER")
	  REFERENCES "DLEAGUE"."TBL_USER" ("USERID") ENABLE;
--------------------------------------------------------
--  Ref Constraints for Table BOARD_REGION_COMMENT
--------------------------------------------------------

  ALTER TABLE "DLEAGUE"."BOARD_REGION_COMMENT" ADD CONSTRAINT "FK_BOARD_REGION_COMMENT_REF" FOREIGN KEY ("BOARD_REGION_COMMENT_REF")
	  REFERENCES "DLEAGUE"."BOARD_REGION_COMMENT" ("BOARD_REGION_COMMENT_NO") ON DELETE CASCADE ENABLE;
  ALTER TABLE "DLEAGUE"."BOARD_REGION_COMMENT" ADD CONSTRAINT "FK_BOARD_REGION_COMMENT_WRITER" FOREIGN KEY ("BOARD_REGION_COMMENT_WRITER")
	  REFERENCES "DLEAGUE"."TBL_USER" ("USERID") ENABLE;
  ALTER TABLE "DLEAGUE"."BOARD_REGION_COMMENT" ADD CONSTRAINT "FK_BOARD_REGION_REF" FOREIGN KEY ("BOARD_REGION_REF")
	  REFERENCES "DLEAGUE"."BOARD_REGION" ("BOARD_REGION_NO") ON DELETE CASCADE ENABLE;
--------------------------------------------------------
--  Ref Constraints for Table COMPLAIN
--------------------------------------------------------

  ALTER TABLE "DLEAGUE"."COMPLAIN" ADD CONSTRAINT "FK_TBL_USER_TO_COMPLAIN" FOREIGN KEY ("C_USERID")
	  REFERENCES "DLEAGUE"."TBL_USER" ("USERID") ENABLE;
  ALTER TABLE "DLEAGUE"."COMPLAIN" ADD CONSTRAINT "FK_TBL_USER_TO_COMPLAIN2" FOREIGN KEY ("COMPLAIN_WRITER")
	  REFERENCES "DLEAGUE"."TBL_USER" ("USERID") ENABLE;
  ALTER TABLE "DLEAGUE"."COMPLAIN" ADD CONSTRAINT "FK_TEAM_TO_COMPLAIN" FOREIGN KEY ("C_TEAMNAME")
	  REFERENCES "DLEAGUE"."TEAM" ("TEAMNAME") ENABLE;
--------------------------------------------------------
--  Ref Constraints for Table GAME
--------------------------------------------------------

  ALTER TABLE "DLEAGUE"."GAME" ADD CONSTRAINT "FK_TEAM_TO_GAME" FOREIGN KEY ("HOME")
	  REFERENCES "DLEAGUE"."TEAM" ("TEAMNAME") ENABLE;
  ALTER TABLE "DLEAGUE"."GAME" ADD CONSTRAINT "FK_TEAM_TO_GAME2" FOREIGN KEY ("AWAY")
	  REFERENCES "DLEAGUE"."TEAM" ("TEAMNAME") ENABLE;
--------------------------------------------------------
--  Ref Constraints for Table MEMBER_REGISTER
--------------------------------------------------------

  ALTER TABLE "DLEAGUE"."MEMBER_REGISTER" ADD CONSTRAINT "FK_TBL_USER_TO_MEMBER_REGISTER" FOREIGN KEY ("USERID")
	  REFERENCES "DLEAGUE"."TBL_USER" ("USERID") ENABLE;
  ALTER TABLE "DLEAGUE"."MEMBER_REGISTER" ADD CONSTRAINT "FK_TEAM_TO_MEMBER_REGISTER" FOREIGN KEY ("TEAMNAME")
	  REFERENCES "DLEAGUE"."TEAM" ("TEAMNAME") ENABLE;
--------------------------------------------------------
--  Ref Constraints for Table NOTICE
--------------------------------------------------------

  ALTER TABLE "DLEAGUE"."NOTICE" ADD CONSTRAINT "FK_TBL_USER_TO_NOTICE" FOREIGN KEY ("NOTICE_WRITER")
	  REFERENCES "DLEAGUE"."TBL_USER" ("USERID") ENABLE;
--------------------------------------------------------
--  Ref Constraints for Table TBL_DELETE_USER
--------------------------------------------------------

  ALTER TABLE "DLEAGUE"."TBL_DELETE_USER" ADD CONSTRAINT "FK_REGION_TO_TBL_DELETE_USER" FOREIGN KEY ("REGIONCODE")
	  REFERENCES "DLEAGUE"."REGION" ("REGIONCODE") ENABLE;
--------------------------------------------------------
--  Ref Constraints for Table TBL_USER
--------------------------------------------------------

  ALTER TABLE "DLEAGUE"."TBL_USER" ADD CONSTRAINT "FK_REGION_TO_TBL_USER" FOREIGN KEY ("REGIONCODE")
	  REFERENCES "DLEAGUE"."REGION" ("REGIONCODE") ENABLE;
  ALTER TABLE "DLEAGUE"."TBL_USER" ADD CONSTRAINT "FK_TEAM_TO_TBL_USER" FOREIGN KEY ("TEAMNAME")
	  REFERENCES "DLEAGUE"."TEAM" ("TEAMNAME") ENABLE;
--------------------------------------------------------
--  Ref Constraints for Table TEAM
--------------------------------------------------------

  ALTER TABLE "DLEAGUE"."TEAM" ADD CONSTRAINT "FK_REGION_TO_TEAM" FOREIGN KEY ("REGIONCODE")
	  REFERENCES "DLEAGUE"."REGION" ("REGIONCODE") ENABLE;
  ALTER TABLE "DLEAGUE"."TEAM" ADD CONSTRAINT "FK_TBL_USER_TO_TEAM" FOREIGN KEY ("CAPTAIN")
	  REFERENCES "DLEAGUE"."TBL_USER" ("USERID") ENABLE;
--------------------------------------------------------
--  Ref Constraints for Table TEAM_MEMBER
--------------------------------------------------------

  ALTER TABLE "DLEAGUE"."TEAM_MEMBER" ADD CONSTRAINT "FK_TBL_USER_TO_TEAM_MEMBER" FOREIGN KEY ("USERID")
	  REFERENCES "DLEAGUE"."TBL_USER" ("USERID") ENABLE;
  ALTER TABLE "DLEAGUE"."TEAM_MEMBER" ADD CONSTRAINT "FK_TEAM_TO_TEAM_MEMBER" FOREIGN KEY ("TEAMNAME")
	  REFERENCES "DLEAGUE"."TEAM" ("TEAMNAME") ENABLE;
--------------------------------------------------------
--  Ref Constraints for Table TEAM_REGISTER
--------------------------------------------------------

  ALTER TABLE "DLEAGUE"."TEAM_REGISTER" ADD CONSTRAINT "FK_REGION_TO_TEAM_REGISTER" FOREIGN KEY ("REGIONCODE")
	  REFERENCES "DLEAGUE"."REGION" ("REGIONCODE") ENABLE;
  ALTER TABLE "DLEAGUE"."TEAM_REGISTER" ADD CONSTRAINT "FK_TBL_USER_TO_TEAM_REGISTER" FOREIGN KEY ("T_REGISTER_WRITER")
	  REFERENCES "DLEAGUE"."TBL_USER" ("USERID") ENABLE;
--------------------------------------------------------
--  Ref Constraints for Table WAITTEAM
--------------------------------------------------------

  ALTER TABLE "DLEAGUE"."WAITTEAM" ADD CONSTRAINT "FK_GAME_TO_WAITTEAM" FOREIGN KEY ("GAME_NO")
	  REFERENCES "DLEAGUE"."GAME" ("GAME_NO") ON DELETE CASCADE ENABLE;
  ALTER TABLE "DLEAGUE"."WAITTEAM" ADD CONSTRAINT "FK_TEAM_TO_WAITTEAM" FOREIGN KEY ("TEAMNAME")
	  REFERENCES "DLEAGUE"."TEAM" ("TEAMNAME") ENABLE;
